commit	date	cpp_touched	zscript_added	subject
9f8a5dae214b03e73aa51c80c59760c202c293be	2016-10-23	src/g_doom/a_bruiser.cpp,src/g_doom/a_doommisc.cpp,src/p_enemy.cpp,src/p_interaction.cpp,src/p_map.cpp,src/p_mobj.cpp,src/sc_man_tokens.h,src/scripting/zscript/zcc_compile.cpp,src/scripting/zscript/zcc_exprlist.h,src/scripting/zscript/zcc_parser.cpp,src/scripting/zscript/zcc_parser.h	-	- scriptified A_BruisAttack. - removed 'self' as a dedicated token. Internally this gets handled as 
3f1673f34ffdfb468c5680ca0328b1f05041ccf7	2016-10-24	src/g_doom/a_cacodemon.cpp,src/g_doom/a_cyberdemon.cpp,src/g_doom/a_doommisc.cpp,src/scripting/thingdef_data.cpp	-	- scriptified A_HeadAttack, A_CyberAttack and A_Hoof.
6d0dad3b38d9f9e89c492a5af51f35fcadeaf753	2016-10-25	src/g_doom/a_demon.cpp,src/g_doom/a_doomimp.cpp,src/g_doom/a_doommisc.cpp	-	- scriptified the code for the Demon and DoomImp.
823c52aeb2d0c92c7a298709da44534528c6da7f	2016-10-26	src/g_doom/a_doommisc.cpp,src/g_doom/a_possessed.cpp,src/info.cpp,src/p_enemy.cpp,src/p_map.cpp,src/p_mobj.cpp,src/p_sight.cpp,src/scripting/codegeneration/codegen.cpp,src/scripting/codegeneration/codegen.h,src/scripting/thingdef_data.cpp,src/scripting/vm/vm.h,src/scripting/vm/vmbuilder.cpp	-	- scriptified the functions in a_possessed.cpp and added the needed exports and constants. - fixed: 
d32d52c0b9e55f375c2b52a3d8da7bca617be2d2	2016-10-26	src/g_doom/a_doommisc.cpp,src/g_doom/a_spidermaster.cpp,src/scripting/vm/vmexec.h	-	- scriptified a_spidermaster.cpp. - fixed bad assert in XOR_RK instruction.
948ef62fcdbf8740e7e1a83fd43057095679a0b1	2016-10-27	src/info.h,src/p_actionfunctions.cpp,src/p_maputl.cpp,src/scripting/codegeneration/codegen.cpp,src/scripting/codegeneration/codegen.h,src/scripting/thingdef_data.cpp,src/scripting/vm/vm.h,src/scripting/vm/vmexec.h,src/scripting/zscript/zcc_compile.cpp,src/scripting/zscript/zcc_compile.h	-	- use the function defaults from the script instead of explicitly setting them again in the code. Th
c7347608a4db5f05c46686dba6494d6f442a8496	2016-10-27	src/actor.h,src/g_doom/a_fatso.cpp,src/g_hexen/a_bats.cpp,src/g_hexen/a_clericflame.cpp,src/g_raven/a_minotaur.cpp,src/g_strife/a_entityboss.cpp,src/g_strife/a_strifeweapons.cpp,src/info.cpp,src/p_actionfunctions.cpp,src/p_enemy.cpp,src/p_interaction.cpp,src/p_map.cpp,src/p_mobj.cpp,src/scripting/vm/vm.h,src/scripting/vm/vmexec.cpp	-	- scriptified A_FatAttack*. - swapped parameters of two-parameter VelToAngle method, so that interna
286f9510d42f9df0a866479a5f5a6b25aea9ab5a	2016-10-28	src/g_doom/a_archvile.cpp,src/g_doom/a_bossbrain.cpp,src/g_doom/a_doomweaps.cpp,src/g_doom/a_fatso.cpp,src/g_doom/a_keen.cpp,src/g_doom/a_lostsoul.cpp,src/g_doom/a_painelemental.cpp,src/g_doom/a_scriptedmarine.cpp,src/g_heretic/a_hereticmisc.cpp,src/g_hexen/a_blastradius.cpp,src/g_hexen/a_magelightning.cpp,src/g_shared/a_bridge.cpp,src/g_shared/a_specialspot.cpp,src/g_shared/a_weapons.cpp,src/g_strife/a_strifeweapons.cpp,src/p_actionfunctions.cpp,src/p_enemy.cpp,src/p_mobj.cpp,src/p_pspr.cpp,src/p_sight.cpp,src/p_user.cpp,src/scripting/thingdef_data.cpp,src/scripting/vm/vm.h,src/scripting/vm/vmbuilder.cpp	-	- got rid of all default parameter redundancies. - scriptified a few more functions.
f8ccda2dc84265d5e9ed48f34cd5583f4e65ec3e	2016-10-30	src/d_dehacked.cpp,src/dobject.cpp,src/g_doom/a_doommisc.cpp,src/g_doom/a_fatso.cpp,src/info.h,src/p_mobj.cpp,src/scripting/codegeneration/codegen.cpp,src/scripting/thingdef_data.cpp,src/scripting/zscript/zcc_compile.cpp	wadsrc/static/zscript/base.txt	- scriptified A_Mushroom to test something a bit more complex. - fixed: FxMinusSign trashed local va
2857fac3386194d45959faabdbe66dd194cd621a	2016-10-30	src/g_doom/a_archvile.cpp,src/g_doom/a_doommisc.cpp,src/p_actionfunctions.cpp,src/p_mobj.cpp,src/scripting/codegeneration/codegen.cpp,src/scripting/vm/vm.h	-	- scriptified a_archvile.cpp. - fixed the type checks for the conditional operator.
e620c9bd7dc777fa733b4fbf0662506b17474807	2016-10-31	src/d_dehacked.cpp,src/dobjtype.cpp,src/dobjtype.h,src/dthinker.cpp,src/g_doom/a_bossbrain.cpp,src/p_mobj.cpp,src/scripting/codegeneration/codegen.cpp,src/scripting/codegeneration/codegen.h,src/scripting/thingdef_data.cpp,src/scripting/vm/vm.h,src/scripting/vm/vmbuilder.cpp,src/scripting/vm/vmbuilder.h,src/scripting/vm/vmexec.h,src/scripting/zscript/zcc_compile.cpp	-	- scriptified parts of a_bossbrain.cpp. Some things cannot be done yet, the script code is there but
88fd47247d41fc3a46f5f41f060591b3f773003a	2016-11-01	src/g_shared/a_action.cpp,src/p_mobj.cpp,src/scripting/thingdef_data.cpp	-	- scriptified several trivial functions from a_action.cpp.
570572fcf2f6561c920279c98df53b79a79d86b7	2016-11-02	src/g_heretic/a_hereticimp.cpp,src/scripting/codegeneration/codegen.cpp	-	- scriptified a_hereticimp.cpp. - fixed the comparison against 0 simplification which did not negate
a45523fb63239a4d9a35a596f0bcb7131c1a56a2	2016-11-03	src/dobjtype.cpp,src/dobjtype.h,src/g_level.cpp,src/g_level.h,src/p_enemy.cpp,src/p_map.cpp,src/p_mobj.cpp,src/scripting/codegeneration/codegen.cpp,src/scripting/codegeneration/codegen.h,src/scripting/thingdef.cpp,src/scripting/thingdef_data.cpp,src/scripting/vm/vmbuilder.h,src/scripting/vm/vmdisasm.cpp	-	- scriptified A_SpawnFly. - added support for global variables to the code generator - not the compi
010fd038beed8d3c46d4a763040387462857e29a	2016-11-05	src/dobject.cpp,src/dthinker.cpp,src/dthinker.h,src/g_doom/a_doommisc.cpp,src/g_doom/a_keen.cpp,src/g_shared/a_action.cpp	-	- scriptified A_KeenDie. - added an 'exact' parameter to FThinkerIterator's Next function. This is m
98fa3d2d939d663acc1e2cf95c92dc0940f8c130	2016-11-05	src/dobjtype.cpp,src/g_doom/a_doommisc.cpp,src/namedef.h,src/scripting/codegeneration/codegen.cpp,src/scripting/codegeneration/codegen.h	-	- added an accessor to the actor defaults. This might have been possible with less work using a func
c3ae56028934cc38ce3e08e415712a4ab27c7fbf	2016-11-06	src/p_enemy.cpp	-	- scriptified two more trivial functions.
062574b7266a8ffcde3bf04c9d32d6e11318dcce	2016-11-06	src/g_doom/a_doommisc.cpp,src/g_doom/a_lostsoul.cpp,src/g_doom/a_painelemental.cpp,src/info.cpp,src/p_mobj.cpp,src/r_utility.cpp,src/scripting/decorate/thingdef_states.cpp,src/scripting/thingdef_data.cpp,src/scripting/vm/vm.h,src/scripting/vm/vmframe.cpp	-	- fixed damage handling in A_BetaSkullAttack. For unknown reasons this completely bypassed the norma
cf9cdeb48028c0dc53aa0dc219fbb63dc65b70e6	2016-11-07	src/g_doom/a_doommisc.cpp,src/g_doom/a_revenant.cpp,src/p_mobj.cpp	-	- scriptified the Revenant's code.
a5f9eb5be1f885346d1fa00a8edb1b6d0489b4b6	2016-11-11	src/g_heretic/a_hereticmisc.cpp,src/g_heretic/a_knight.cpp,src/p_mobj.cpp,src/scripting/codegeneration/codegen.cpp	-	- Scriptified Heretic's knight.
14a9c13113982870410856bb7faf8d6633208d4f	2016-11-11	src/g_heretic/a_wizard.cpp,src/p_mobj.cpp,src/scripting/codegeneration/codegen.cpp	-	- scriptified Heretic's wizard.
34fc6323a471c2f46bd47bffdab39ed27fe997c8	2016-11-12	src/actor.h,src/g_hexen/a_bats.cpp,src/g_hexen/a_hexenmisc.cpp,src/g_raven/a_minotaur.cpp,src/g_raven/ravenshared.h,src/p_mobj.cpp,src/virtual.h	-	- scriptified Hexen's bats. - removed AMinotaurFriend::IsOkayToAttack. The condition it checks (i.e.
8f8017836ffb6839fb767991ac06ea92ca1b85e4	2016-11-12	src/g_hexen/a_bishop.cpp,src/g_hexen/a_hexenmisc.cpp,src/p_mobj.cpp	-	- scriptified Hexen's Bishop.
213b3f1fe486b63e79ef5a7dd7c3855d2592974d	2016-11-12	src/g_hexen/a_centaur.cpp,src/g_hexen/a_hexenmisc.cpp	-	- scriptified Hexen's Centaur.
49ef5415138938554f4cfdedc13a06bcaf977fbf	2016-11-12	src/g_hexen/a_firedemon.cpp,src/g_hexen/a_hexenmisc.cpp,src/g_shared/a_action.cpp,src/p_enemy.cpp,src/p_mobj.cpp	-	- scriptified Hexen's Firedemon.
633da6e5d874825ee95508e48f70afac8772305b	2016-11-16	src/actor.h,src/d_dehacked.cpp,src/g_doom/a_bossbrain.cpp,src/g_doom/a_doomweaps.cpp,src/g_doom/a_scriptedmarine.cpp,src/g_heretic/a_hereticmisc.cpp,src/g_heretic/a_hereticweaps.cpp,src/g_hexen/a_blastradius.cpp,src/g_hexen/a_fighterquietus.cpp,src/g_hexen/a_magelightning.cpp,src/g_shared/a_bridge.cpp,src/g_shared/a_specialspot.cpp,src/g_shared/a_weapons.cpp,src/g_strife/a_acolyte.cpp,src/g_strife/a_strifeweapons.cpp,src/g_strife/a_thingstoblowup.cpp,src/p_actionfunctions.cpp,src/p_enemy.cpp,src/p_mobj.cpp,src/p_pspr.cpp,src/p_states.cpp,src/p_user.cpp,src/scripting/codegeneration/codegen.cpp,src/scripting/thingdef.h,src/scripting/thingdef_data.cpp,src/scripting/vm/vm.h,src/scripting/zscript/zcc_compile.cpp	-	- scriptified two of the Acolyte's functions. - added a DActorIterator class. - fixed: It was not po
76a74e0364fe12171ad7ae307f54161f777faa69	2016-11-16	src/g_hexen/a_dragon.cpp,src/g_hexen/a_hexenmisc.cpp,src/scripting/codegeneration/codegen.cpp,src/scripting/vm/vmexec.h	-	- scriptified Hexen's Dragon. - fixed several places in the code generator that did not consider loc
7a29e6cfdcf70bd36916de8d5a766910c49d4792	2016-11-16	src/g_hexen/a_fog.cpp,src/g_hexen/a_hexenmisc.cpp	-	- scriptified Hexen's fog.
df43ee96cea8085fa1d8da0be05f39095b58bda7	2016-11-16	src/g_heretic/a_hereticartifacts.cpp,src/p_mobj.cpp	-	- fixed a lost '='. - scriptified A_TimeBomb.
21a1d5ffc80517c45e3f76dc541b8bb98bde402e	2016-11-17	src/g_hexen/a_hexenmisc.cpp,src/g_hexen/a_spike.cpp,src/g_hexen/a_wraith.cpp,src/g_shared/a_debris.cpp,src/g_shared/a_sharedglobal.h,src/p_enemy.cpp,src/p_enemy.h,src/p_mobj.cpp	-	- scriptified Hexen's Wraith and parts of the Spike.
aa32d8970b703904618eb7e267990e61c0ee9f26	2016-11-18	src/g_heretic/a_hereticmisc.cpp,src/p_map.cpp,src/p_mobj.cpp	-	- scriptified a_hereticmisc.cpp.
7ff506961761773026cbb4f683029f54c8d5494e	2016-11-18	src/g_doom/a_bossbrain.cpp,src/g_doom/a_doommisc.cpp,src/g_shared/a_specialspot.cpp,src/g_skill.cpp	-	- added all missing things to enable the scriptified version of A_BrainSpit.
3ce699bf9b465dc222a81e1dcdd8d80bca7368e4	2016-11-19	src/d_dehacked.cpp,src/d_player.h,src/dobjtype.h,src/g_doom/a_doomweaps.cpp,src/g_shared/a_pickups.h,src/g_shared/a_weapons.cpp,src/namedef.h,src/p_mobj.cpp,src/scripting/codegeneration/codegen.cpp,src/scripting/thingdef.cpp,src/scripting/thingdef_data.cpp,src/scripting/vm/vm.h,src/scripting/vm/vmexec.h,src/scripting/zscript/zcc_compile.cpp	wadsrc/static/zscript/doom/weaponfist.txt	- implemented pass-by-reference arguments - so far only for memory based variables. - changed Dehack
d50da34664d40b4789d53d7146e422c13b1390e0	2016-11-19	src/dobjtype.cpp,src/g_doom/a_doomweaps.cpp,src/p_pspr.cpp,src/p_pspr.h,src/p_user.cpp,src/scripting/codegeneration/codegen.cpp,src/scripting/vm/vm.h,src/virtual.h	wadsrc/static/zscript/doom/weaponpistol.txt	- scriptified the pistol to test if struct member functions work. - made APlayerPawn::PlayAttacking(
0b70df88d8c92039184bf8bfd37f3dda458f7f88	2016-11-19	src/g_doom/a_doomweaps.cpp,src/p_pspr.cpp,src/p_pspr.h	wadsrc/static/zscript/doom/weaponchaingun.txt,wadsrc/static/zscript/doom/weaponshotgun.txt	- scriptified A_FireShotgun and A_FireChaingun.
af34d82888ba4a362902d5e03635c5d1a6ae436f	2016-11-20	src/g_doom/a_doomweaps.cpp,src/g_shared/a_armor.cpp,src/g_shared/a_pickups.cpp,src/g_shared/a_pickups.h,src/p_mobj.cpp,src/scripting/codegeneration/codegen.cpp,src/scripting/codegeneration/codegen.h,src/scripting/zscript/zcc_compile.cpp	wadsrc/static/zscript/doom/weaponchainsaw.txt	- scriptified A_Saw. - implemented multiple-return-value assignment. Due to some grammar conflicts t
814493b68d07813d4c3e332cb0514966554297c2	2016-11-20	src/g_doom/a_doomweaps.cpp	wadsrc/static/zscript/doom/weaponssg.txt	- scriptified the Super Shotgun.
fdab994fcbc9834d09a41f010c13d1cbc6593acf	2016-11-20	src/g_doom/a_doomweaps.cpp,src/p_mobj.cpp	wadsrc/static/zscript/doom/weaponrlaunch.txt	- scriptified the Rocket launcher.
3c726aa57073f02f74e13faea92b5114b8bf9614	2016-11-20	src/g_doom/a_doomweaps.cpp	wadsrc/static/zscript/doom/weaponplasma.txt	- scriptified A_FirePlasma.
bb25c5faaaccdfa029d56b08127e0bae3732ab85	2016-11-20	src/g_doom/a_doommisc.cpp,src/g_doom/a_doomweaps.cpp,src/p_map.cpp,src/scripting/codegeneration/codegen.cpp,src/scripting/vm/vmdisasm.cpp	wadsrc/static/zscript/doom/weaponbfg.txt	- scriptified the remaining Doom weapon code. - implemented method calls from struct instances. - op
360436c2013bb2b9a291219f9a1b28546589d665	2016-11-21	src/g_doom/a_doomglobal.h,src/g_doom/a_doommisc.cpp,src/g_doom/a_scriptedmarine.cpp,src/info.h,src/p_acs.cpp,src/p_actionfunctions.cpp,src/p_mobj.cpp,src/p_pspr.cpp,src/p_states.cpp,src/scripting/codegeneration/codegen.cpp,src/scripting/thingdef_data.cpp,src/scripting/vm/vm.h,src/scripting/vm/vmbuilder.cpp,src/scripting/vm/vmdisasm.cpp,src/scripting/zscript/zcc_compile.cpp,src/virtual.h	-	- scriptified the scripted marines. - fixed symbol name generation for native functions. - moved Pri
bbb0778fd45423a9f893dce2d4b89dcab3b1fc63	2016-11-22	src/d_player.h,src/g_heretic/a_chicken.cpp,src/g_heretic/a_hereticmisc.cpp,src/g_hexen/a_fighterplayer.cpp,src/g_hexen/a_hexenmisc.cpp,src/g_hexen/a_pig.cpp,src/p_pspr.cpp,src/p_user.cpp,src/scripting/codegeneration/codegen.cpp	-	- scriptified Chicken and Pig - not tested yet, because other things have priority.
1a20a5b9999db0e3e09407624b3713a0ef57f574	2016-11-23	src/g_doom/a_doomglobal.h,src/g_doom/a_doommisc.cpp,src/g_doom/a_painelemental.cpp,src/p_mobj.cpp,src/scripting/vm/vm.h	-	- scriptified A_PainShootSkull which was the last remaining bit in g_doom, so this directory is gone
5e67cf79d34ef753b3f5dc1320ae2e9523794e92	2016-11-23	src/g_heretic/a_hereticmisc.cpp,src/g_heretic/a_ironlich.cpp,src/p_mobj.cpp,src/scripting/zscript/zcc_compile.cpp,src/virtual.h	-	- scriptified the Ironlich.
3e890d182b62a8ad42f83e745c58276312ad6a16	2016-11-24	src/g_heretic/a_dsparil.cpp,src/g_heretic/a_hereticmisc.cpp,src/g_heretic/a_hereticweaps.cpp,src/g_shared/a_specialspot.cpp,src/p_map.cpp,src/p_mobj.cpp,src/p_pspr.cpp,src/p_teleport.cpp,src/scripting/codegeneration/codegen.cpp	-	- scriptified D'Sparil. - added retrieval of defaults from an actor pointer.
2ece9b6172950b82371f2ac22139c7fc00160c81	2016-11-24	src/g_heretic/a_hereticweaps.cpp,src/sc_man_tokens.h	wadsrc/static/zscript/heretic/weaponstaff.txt,wadsrc/static/zscript/heretic/weaponwand.txt	- scriptified Heretic's staff and wand.
677d7579d41991d48ed2c2774c5278aeb1a5db71	2016-11-24	src/g_heretic/a_hereticweaps.cpp	wadsrc/static/zscript/heretic/weaponcrossbow.txt,wadsrc/static/zscript/heretic/weapongauntlets.txt	- scriptified Heretic's crossbow and gauntlets.
3f5bf88d69ff85eeea5b719c0ace3feaa0836776	2016-11-24	src/actor.h,src/g_heretic/a_hereticweaps.cpp,src/g_hexen/a_hexenspecialdecs.cpp,src/g_raven/a_artitele.cpp,src/namedef.h,src/p_mobj.cpp,src/scripting/codegeneration/codegen.cpp,src/scripting/thingdef_data.cpp,src/scripting/vm/vmexec.h,src/virtual.h	wadsrc/static/zscript/heretic/weaponmace.txt	- scriptified Heretic's mace. - fixed: FxAssignSelf did not the correct number of registers for vect
9ae272d753009808265fc66a15ebce3ed92de737	2016-11-24	src/dobject.cpp,src/g_heretic/a_hereticweaps.cpp,src/g_hexen/a_clericflame.cpp,src/g_shared/a_fastprojectile.cpp,src/g_shared/a_sharedglobal.h,src/info.cpp,src/info.h,src/namedef.h,src/p_mobj.cpp,src/scripting/codegeneration/codegen.cpp,src/scripting/codegeneration/codegen.h,src/scripting/vm/vmexec.cpp,src/scripting/vm/vmexec.h,src/scripting/vm/vmops.h,src/scripting/zscript/zcc_compile.cpp	wadsrc/static/zscript/heretic/weaponblaster.txt,wadsrc/static/zscript/shared/fastprojectile.txt	- scriptified Heretic's blaster. - scriptified all Effect functions of Fastprojectile's children - i
8dba322775eeedf2a8a22eda5437a002f96fae0b	2016-11-25	src/actor.h,src/g_heretic/a_hereticweaps.cpp,src/namedef.h,src/p_actionfunctions.cpp,src/p_mobj.cpp,src/p_sectors.cpp,src/r_data/r_translate.cpp,src/r_data/r_translate.h,src/scripting/codegeneration/codegen.cpp,src/scripting/thingdef_data.cpp	wadsrc/static/zscript/heretic/weaponskullrod.txt	- scriptified Heretic's Skull Rod. - Took the opportunity and fixed the logic for the Skull Rod's ra
4f370ba18106340af31ef29df076dbcd78336f40	2016-11-25	src/g_heretic/a_hereticmisc.cpp,src/g_heretic/a_hereticweaps.cpp,src/g_shared/a_artifacts.cpp,src/g_shared/a_pickups.h,src/g_shared/a_weapons.cpp	wadsrc/static/zscript/heretic/weaponphoenix.txt	- scriptified the Phoenix Rod, completing the Heretic weapons.
0d6f37835fbeba30b24b5ffe3f19fbd7ff100867	2016-11-25	src/dobject.h,src/g_heretic/a_hereticartifacts.cpp,src/g_heretic/a_hereticmisc.cpp,src/g_shared/a_morph.cpp,src/g_shared/a_pickups.cpp,src/g_shared/a_pickups.h,src/p_mobj.cpp	-	- completed Heretic scriptification with the two remaining artifacts.
6e1c6c4b33ac0360cb58b72a129423ba006f7293	2016-11-25	src/g_game.cpp,src/g_raven/a_artitele.cpp,src/p_teleport.cpp	-	- scriptified ArtiTeleport. - shortened ArtiEgg and ArtiPork's use state to a single function.
7385cd70c04f471c6a3e5c2a4daba6463359d4c2	2016-11-26	src/actor.h,src/g_hexen/a_hexenmisc.cpp,src/g_hexen/a_summon.cpp,src/g_raven/a_minotaur.cpp,src/g_raven/ravenshared.h,src/g_shared/a_morph.cpp,src/g_strife/a_alienspectres.cpp,src/g_strife/a_strifestuff.cpp,src/p_interaction.cpp,src/p_map.cpp,src/p_maputl.cpp,src/p_mobj.cpp,src/p_user.cpp,src/scripting/codegeneration/codegen.cpp,src/scripting/thingdef_data.cpp,src/w_wad.cpp	-	- scriptified the Minotaur.
4e802652c7871c945e167d995792623960f8c8b4	2016-11-26	src/g_hexen/a_blastradius.cpp,src/g_hexen/a_hexenmisc.cpp,src/p_enemy.cpp,src/p_mobj.cpp,src/p_sectors.cpp,src/r_defs.h	-	- scriptified ArtiBlastRadius.
f508a57bb85d83c83d13d672094614030852b9eb	2016-11-26	src/g_hexen/a_boostarmor.cpp,src/g_hexen/a_hexenmisc.cpp	-	- scriptified ArtiBoostArmor.
bc1e4eff7208d9d29c3374531764c5d9b8d5d09b	2016-11-26	src/g_hexen/a_clericflame.cpp,src/g_hexen/a_hexenmisc.cpp	-	- scriptified the Cleric's flame weapon. Also fixed the angle calculations for the circle flame.
4fcb397346b1ffd1a68eb8777a40d89086b20940	2016-11-26	src/g_hexen/a_clericholy.cpp,src/g_hexen/a_hexenmisc.cpp	-	- scriptified the remaining parts of the Wraithverge.
659a592f16829ac7ec643af7a13ac0ad885ccc02	2016-11-26	src/g_hexen/a_hexenmisc.cpp,src/g_hexen/a_korax.cpp	-	- scriptified Korax.
997e4a2ac40a68bad6cb8cde02938f31335adc48	2016-11-26	src/g_hexen/a_clericmace.cpp,src/g_hexen/a_clericstaff.cpp,src/g_hexen/a_hexenmisc.cpp,src/p_interaction.cpp,src/p_user.cpp,src/scripting/zscript/zcc_parser.cpp	-	- scriptified the remaining Cleric weapons.
e541c27622de448cad9a3610b65a5b31405e62c9	2016-11-26	src/g_hexen/a_fighteraxe.cpp,src/g_shared/a_pickups.h,src/g_shared/a_weapons.cpp	-	- scriptified the weapon's state getter methods - as preparation for the fighter axe.
bdad526f62a51d8808b00c1f77d583d6e68f2db1	2016-11-26	src/g_hexen/a_fighteraxe.cpp,src/g_hexen/a_hexenmisc.cpp	-	- scriptified the Fighter's axe.
178db4bb098ea3a45d1f492a945cc6ca451d218c	2016-11-26	src/g_hexen/a_fighteraxe.cpp,src/g_hexen/a_fighterhammer.cpp,src/g_hexen/a_hexenmisc.cpp,src/g_shared/a_weapons.cpp	-	- scriptified the fighter's hammer.
80f233cd0b77d0ca264329d524298e32175ef99b	2016-11-26	src/g_hexen/a_fighterplayer.cpp,src/g_hexen/a_hexenglobal.h,src/g_hexen/a_hexenmisc.cpp,src/g_hexen/a_magestaff.cpp,src/g_shared/a_weapons.cpp	-	- scriptified the fighter's fist.
796c262285c3cbafe669346acfe2ef8a5506b609	2016-11-26	src/g_hexen/a_fighterquietus.cpp,src/g_hexen/a_hexenmisc.cpp	-	- scriptified the Quietus.
69d4d36429fbe96d91ca23222dfbfc8a37c81e04	2016-11-27	src/g_hexen/a_healingradius.cpp,src/g_hexen/a_hexenmisc.cpp,src/p_mobj.cpp,src/p_user.cpp,src/scripting/codegeneration/codegen.cpp,src/scripting/codegeneration/codegen.h	-	- scriptified ArtiHealingRadius. - allow switch/case with names. - fixed break jump target handling 
ab03b016e9263d03b368a3b4298e5d95bb529558	2016-11-27	src/g_hexen/a_hexenmisc.cpp,src/g_hexen/a_iceguy.cpp,src/p_mobj.cpp	-	- scriptified the IceGuy.
3dd323ac0d34abf8d0cd0517e566c2df26453174	2016-11-27	src/g_hexen/a_flechette.cpp,src/g_hexen/a_hexenmisc.cpp,src/g_hexen/a_hexenspecialdecs.cpp,src/g_shared/a_pickups.cpp,src/namedef.h,src/scripting/codegeneration/codegen.cpp	-	- scriptified the Flechette.  Not fully tested yet. - fixed issues with the refactoring of the recen
de6969997aa088b5d3566be321e0bd835de5b8dd	2016-11-27	src/p_mobj.cpp,src/p_sectors.cpp,src/r_defs.h,src/scripting/codegeneration/codegen.cpp,src/scripting/codegeneration/codegen.h,src/scripting/thingdef_data.cpp,src/scripting/vm/vmbuilder.cpp,src/scripting/vm/vmdisasm.cpp,src/scripting/vm/vmexec.h,src/scripting/vm/vmops.h,src/scripting/zscript/zcc_parser.cpp	-	- scriptified Hexen's flies.
5ce5466e186e013c482e2f4b8a06d21dc5b92066	2016-11-27	src/g_hexen/a_flies.cpp,src/g_hexen/a_hexenmisc.cpp,src/g_hexen/a_hexenspecialdecs.cpp,src/g_level.cpp,src/p_things.cpp,src/sc_man_tokens.h	-	- scriptified hexenspecialdecs. - made '->' a single token. Although ZScript does not use it, the pa
7b5a5896355e1bd32304623ebb47872d7e51a7be	2016-11-27	src/actor.h,src/g_hexen/a_hexenmisc.cpp,src/g_hexen/a_magecone.cpp,src/g_hexen/a_magelightning.cpp,src/g_hexen/a_magestaff.cpp,src/p_mobj.cpp	-	- scriptified Hexen's Frost shards. - scriptified all SpecialMissileHit methods.
f9a13880667bd3e486bada16f425ca33e3b9f1d0	2016-11-27	src/g_hexen/a_hexenmisc.cpp,src/g_hexen/a_magelightning.cpp,src/p_mobj.cpp	-	- scriptified Hexen's lightning weapon.
ebd2c27e0ab2cd54af4f7937f09d35c879f8cf79	2016-11-28	src/g_hexen/a_hexenmisc.cpp,src/g_hexen/a_magestaff.cpp,src/g_hexen/a_serpent.cpp,src/p_enemy.cpp,src/p_local.h,src/p_maputl.cpp,src/p_mobj.cpp,src/p_terrain.cpp,src/scripting/thingdef_data.cpp,src/scripting/vm/vm.h	-	- scriptified Hexen's Bloodscourge and Serpent. - merged the FrontBlock searcher for the Bloodscourg
d4427e696d12efa08b0de90db9ff22640d4c0bc6	2016-11-28	src/g_game.cpp,src/g_hexen/a_hexenmisc.cpp,src/g_hexen/a_teleportother.cpp	-	- scriptified Hexen's Banishment Device.
7ea9f60464cc065246be8b5862bff8b13f363141	2016-11-28	src/g_level.cpp,src/g_strife/a_acolyte.cpp,src/g_strife/a_strifestuff.cpp,src/p_user.cpp	-	- scriptified the Acolyte.
b171d6e21f22c7abf336aa11fc56074080e706ae	2016-11-28	src/c_console.cpp,src/g_strife/a_alienspectres.cpp,src/g_strife/a_strifestuff.cpp,src/g_strife/a_strifeweapons.cpp,src/p_enemy.cpp,src/p_interaction.cpp,src/p_mobj.cpp,src/s_sound.cpp	-	- scriptified a_alienspectres.cpp.
dc9ee0727a31beae12862a8453b80515aff3890c	2016-11-28	src/actor.h,src/g_strife/a_entityboss.cpp,src/g_strife/a_programmer.cpp,src/g_strife/a_spectral.cpp,src/g_strife/a_strifestuff.cpp,src/p_interaction.cpp,src/p_mobj.cpp,src/p_user.cpp	-	- scriptified a_spectral.cpp. - consolidated A_Tracer and A_Tracer2.
c9a4087c18fe35d82a2d6891c780590da80d6b28	2016-11-28	src/g_strife/a_entityboss.cpp,src/g_strife/a_strifestuff.cpp	-	- scriptified a_entityboss.cpp.
8551a4f6e123596812feca20c4622e9b9c22eda8	2016-11-28	src/dobjtype.cpp,src/dobjtype.h,src/g_shared/a_pickups.cpp,src/g_shared/a_pickups.h,src/g_shared/sbarinfo_commands.cpp,src/g_strife/a_strifeglobal.h,src/g_strife/a_strifeweapons.cpp,src/g_strife/strife_sbar.cpp,src/m_cheat.cpp,src/namedef.h,src/p_acs.cpp,src/p_conversation.cpp,src/p_enemy.cpp,src/p_pspr.cpp,src/scripting/zscript/zcc_compile.cpp,src/scripting/zscript/zcc_compile.h	-	- scriptified the Sigil. This isn't fully tested yet.
53318f4bdef9ce89a0495510b3cd44481319eafe	2016-11-28	src/g_strife/a_reaver.cpp,src/g_strife/a_strifestuff.cpp,src/g_strife/a_templar.cpp	-	- scriptified Reaver and Templar.
9064a5b0ac0c11a86a1e6da5559e2682f29bce00	2016-11-28	src/dobjtype.cpp,src/dobjtype.h,src/g_shared/a_artifacts.h,src/g_shared/a_pickups.cpp,src/g_shared/a_pickups.h,src/g_shared/a_weapons.cpp,src/g_strife/a_coin.cpp,src/g_strife/a_strifeglobal.h,src/g_strife/a_strifeitems.cpp,src/p_conversation.cpp,src/p_mobj.cpp,src/scripting/codegeneration/codegen.cpp,src/scripting/thingdef_data.cpp,src/scripting/vm/vmdisasm.cpp	-	- scriptified Strife's coins. - added a String class to allow attaching methods to the builtin strin
b8cf377d9e7a6825a5c2ec48399be122d5290e85	2016-11-28	src/g_strife/a_coin.cpp,src/g_strife/a_crusader.cpp,src/g_strife/a_strifestuff.cpp,src/p_mobj.cpp	-	- scriptified the Crusader.
bf1c2a7e51d1e0688adc215539635635ed76d9b8	2016-11-28	src/g_strife/a_inquisitor.cpp,src/g_strife/a_strifestuff.cpp	-	- scriptified the Inquisitor.
119bcb924d134db5befa459d89ee5b6664081508	2016-11-28	src/g_strife/a_loremaster.cpp,src/g_strife/a_strifestuff.cpp,src/p_mobj.cpp	-	- scriptified the Loremaster.
360cbfba2a843e5e828cf17706816dc2f8743d37	2016-11-28	src/actor.h,src/g_strife/a_oracle.cpp,src/g_strife/a_programmer.cpp,src/g_strife/a_rebels.cpp,src/g_strife/a_strifeitems.cpp,src/g_strife/a_strifestuff.cpp,src/p_mobj.cpp	-	- scriptified Oracle, Programmer and Rebels.
dd5494d848f0ca07dd77ecc1e624b0a419d56fca	2016-11-28	src/g_strife/a_sentinel.cpp,src/g_strife/a_stalker.cpp,src/g_strife/a_strifestuff.cpp	-	- scriptified Stalker and Sentinel.
caef5344b0304b07dcb14eba1424a0934c47934f	2016-11-28	src/g_strife/a_strifestuff.cpp,src/g_strife/a_thingstoblowup.cpp,src/p_floor.cpp,src/scripting/codegeneration/codegen.cpp	-	- scriptified a_thingstoblowup.cpp. - changed the power crystal floor movement to use DFloor instead
edd8e51a691a5ad1a79cb9dcaedafaf27895c965	2016-11-28	src/g_strife/a_strifestuff.cpp,src/p_actionfunctions.cpp,src/p_enemy.cpp,src/p_states.cpp,src/scripting/thingdef_data.cpp	wadsrc/static/zscript/strife/klaxon.txt,wadsrc/static/zscript/strife/strifefunctions.txt	- scriptified most of a_strifestuff.cpp.
3af9232fca01dbcd30abf0242cf67bf57c80a216	2016-11-29	src/actor.h,src/d_player.h,src/g_level.cpp,src/g_shared/a_debris.cpp,src/g_shared/a_pickups.cpp,src/g_shared/a_pickups.h,src/g_shared/sbarinfo.cpp,src/g_strife/a_strifeglobal.h,src/g_strife/a_strifeitems.cpp,src/g_strife/a_strifestuff.cpp,src/g_strife/strife_sbar.cpp,src/m_cheat.cpp,src/p_acs.cpp,src/p_conversation.cpp,src/p_lnspec.cpp,src/p_mobj.cpp,src/p_user.cpp,src/scripting/codegeneration/codegen.cpp,src/scripting/thingdef_data.cpp,src/scripting/zscript/zcc_compile.cpp,src/virtual.h	-	- scriptified a_strifeitems.cpp and a_debris.cpp. - Changed the glass shards so that they do not hav
be5ba70ed245064a62f6f8204cbb934525a3e739	2016-11-29	src/g_strife/a_strifeweapons.cpp,src/p_enemy.cpp,src/p_mobj.cpp	wadsrc/static/zscript/strife/weaponcrossbow.txt,wadsrc/static/zscript/strife/weapondagger.txt	- scriptified Strife's dagger and crossbow.
5beebb83b741b0ef43cb4ef6e65e7d2c24ba4302	2016-11-29	src/g_shared/a_pickups.cpp,src/g_strife/a_strifeweapons.cpp	wadsrc/static/zscript/strife/weaponassault.txt,wadsrc/static/zscript/strife/weaponmissile.txt	- scriptified Strife's assault gun and missile launcher.
b625156df63dd2434cef8b0ec5dc42983ed344e3	2016-11-29	src/g_strife/a_strifeweapons.cpp,src/p_glnodes.cpp,src/p_maputl.cpp,src/p_mobj.cpp,src/p_sectors.cpp	wadsrc/static/zscript/strife/weaponflamer.txt,wadsrc/static/zscript/strife/weapongrenade.txt	- scriptified Strife's flamethrower and grenade launcher.
e01f680b72393f0332f8a1e7a7b224cfd6a9ea2d	2016-11-29	src/g_strife/a_strifeglobal.h,src/g_strife/a_strifestuff.cpp,src/g_strife/a_strifeweapons.cpp	wadsrc/static/zscript/strife/weaponmauler.txt	- scriptified the Mauler, completing Strife.
f5b3429274b4ad232408bd32799ffb98be1a0d3a	2016-11-29	src/g_hexen/a_heresiarch.cpp	-	- partial scriptification of the Heresiarch
f17f6c30c2faa4eb464ea407332f38e189780094	2016-11-29	src/g_hexen/a_heresiarch.cpp,src/g_hexen/a_hexenmisc.cpp,src/scripting/thingdef_data.cpp,src/scripting/zscript/zcc_compile.cpp	-	- scriptified the Heresiarch.
0c969746d07a003f581ae350f9b01372099c32b9	2016-11-29	src/g_hexen/a_hexenmisc.cpp,src/g_hexen/a_spike.cpp,src/p_map.cpp,src/p_maputl.cpp	-	- scriptified Hexen's spike, which was the last remaining item in the game directories. - added a Bl
a13e23dbe65328c6e0f587d8fd3ba6d6244b4ce5	2016-11-29	src/am_map.cpp,src/dthinker.cpp,src/g_shared/a_action.cpp,src/g_shared/a_action.h,src/g_shared/a_hatetarget.cpp,src/g_shared/a_mapmarker.cpp,src/g_shared/a_randomspawner.cpp,src/g_shared/a_secrettrigger.cpp,src/g_shared/a_setcolor.cpp,src/g_shared/a_sharedglobal.h,src/g_shared/a_spark.cpp,src/g_shared/a_waterzone.cpp,src/p_actionfunctions.cpp,src/p_effect.cpp,src/p_enemy.cpp,src/p_mobj.cpp,src/p_sectors.cpp,src/p_spec.cpp,src/scripting/decorate/olddecorations.cpp,src/scripting/decorate/thingdef_states.cpp,src/scripting/thingdef.cpp,src/scripting/thingdef_properties.cpp	-	- scriptified some trivial stuff from g_shared.
91934665729693e4be7092549f885b0813fdc80e	2016-11-29	src/g_shared/a_camera.cpp,src/p_mobj.cpp	-	- scriptified ASecurityCamera and AAimingCamera.
0cd6cec5319a8f1d671899d0b455d4b184f68470	2016-11-30	src/g_shared/a_skies.cpp	-	- scriptified the SectorFlagSetter.
b0f3121bec0e9b265b11f002f93a18f8ffa829d2	2016-11-30	src/b_think.cpp,src/d_dehacked.cpp,src/d_net.cpp,src/dobjtype.cpp,src/g_inventory/a_artifacts.cpp,src/g_inventory/a_keys.h,src/g_inventory/a_pickups.cpp,src/g_inventory/a_pickups.h,src/g_inventory/a_puzzleitems.cpp,src/p_actionfunctions.cpp,src/p_interaction.cpp,src/p_mobj.cpp,src/scripting/codegeneration/codegen.cpp,src/scripting/codegeneration/codegen.h,src/scripting/thingdef_properties.cpp	wadsrc/static/zscript/shared/armor.txt,wadsrc/static/zscript/shared/inv_misc.txt,wadsrc/static/zscript/shared/powerups.txt,wadsrc/static/zscript/shared/weapons.txt	- split up zscript/shared/inventory.txt. - moved health items to their own file. - scriptified Score
86544086df642e9c29fbc58931db4208caab079d	2016-11-30	src/actor.h,src/d_dehacked.cpp,src/dthinker.cpp,src/g_inventory/a_pickups.cpp,src/g_inventory/a_weapons.cpp,src/g_shared/a_action.cpp,src/g_shared/a_bridge.cpp,src/g_shared/a_fastprojectile.cpp,src/info.cpp,src/m_cheat.cpp,src/p_acs.cpp,src/p_actionfunctions.cpp,src/p_enemy.cpp,src/p_enemy.h,src/p_interaction.cpp,src/p_mobj.cpp,src/p_user.cpp,src/scripting/codegeneration/codegen.cpp,src/scripting/vm/vm.h,src/scripting/vm/vmexec.cpp,src/scripting/vm/vmframe.cpp,src/scripting/zscript/zcc_compile.cpp	-	- allow the VM to run on one global stack per thread.
3b524cbed4aed133fe05ae57881767cc9e3da2c3	2016-12-31	src/g_inventory/a_artifacts.cpp,src/g_inventory/a_artifacts.h	-	- scriptified PowerInfiniteAmmo to test the exported functions.
267b1842b4cf4b52e7e7a76bc5a585cf959d78b4	2016-12-31	src/am_map.cpp,src/g_inventory/a_artifacts.cpp,src/g_inventory/a_artifacts.h,src/namedef.h	-	- scriptified a few more of the simpler powerups.
66cc68606f7c337aaa9c729d70c8f63256bffa29	2017-01-01	src/g_inventory/a_artifacts.cpp,src/g_inventory/a_artifacts.h,src/g_shared/a_morph.cpp	-	- scriptified the methods of APowerMorph. - made some changes to PowerMorph to better deal with recu
99481891936fdc1d469d527dc3c5094104122435	2017-01-01	src/g_inventory/a_artifacts.cpp,src/g_inventory/a_artifacts.h,src/g_inventory/a_pickups.cpp,src/g_inventory/a_pickups.h,src/p_map.cpp,src/p_mobj.cpp,src/scripting/vm/vmframe.cpp	-	- scriptified PowerProtection and PowerDamage. - made ModifyDamage calls iterative instead of recurs
15f30886cdc838ae06e60343adb275f1764cd2ef	2017-01-03	src/g_inventory/a_artifacts.cpp,src/g_level.cpp,src/s_sound.cpp	-	- scriptified the TimeFreezer powerup.
b132782c4986b26cebd3c2ac9b9adcf0586622dc	2017-01-03	src/d_dehacked.cpp,src/g_inventory/a_artifacts.cpp,src/g_inventory/a_artifacts.h	-	- scriptified PowerBuddha and PowerFrightener.
0b94d4e0a3e8839a117bbbce2a82c24476b52faf	2017-01-12	src/dobject.h,src/g_shared/a_bridge.cpp	-	- scriptified the bridge things, except the Destroy method which still requires work to allow virtua
3d73919092e7a7c7150ce5c629554123b80a2cc3	2017-01-12	src/g_shared/a_bridge.cpp,src/p_glnodes.cpp	-	- scriptified CustomBridge.OnDestroy.
cc58f13e4eb20f8c08ecb93c85ab5e81dedc6591	2017-01-12	src/g_shared/a_skies.cpp	-	- scriptified the sector silencer.
85a84b5e94513504be78cc50a6a68cb97ecec1f9	2017-01-13	src/b_bot.h,src/g_inventory/a_ammo.h,src/g_inventory/a_pickups.h,src/g_inventory/a_weaponpiece.h,src/g_inventory/a_weapons.h,src/g_shared/a_fastprojectile.cpp,src/g_shared/a_sharedglobal.h,src/p_mobj.cpp,src/scripting/thingdef_data.cpp	-	- scriptified FastProjectile.
d338ca3ec17f65a7ea256fd576ef8afcdfdc479a	2017-01-13	src/am_map.cpp,src/d_main.cpp,src/dobject.cpp,src/dobjtype.cpp,src/dobjtype.h,src/g_shared/a_sectoraction.cpp,src/p_sectors.cpp,src/r_defs.h,src/s_advsound.cpp,src/scripting/thingdef.cpp,src/virtual.h	-	- scriptified the sector actions.
51cc7feb4c26110b0495944d5bb39b8cb2c00685	2017-01-13	src/actor.h,src/g_shared/a_fountain.cpp,src/p_effect.cpp,src/p_effect.h,src/p_mobj.cpp	-	- scriptified the particle fountains.
4be0767d7b796c90a8301849eba957e077878c65	2017-01-13	src/g_shared/a_movingcamera.cpp,src/p_maputl.cpp,src/p_mobj.cpp	-	- scriptified the moving camera.
f759b6757aa9ab92e9e50e9e4adca6a2569d5756	2017-01-13	src/g_shared/a_morph.cpp,src/g_shared/a_sharedglobal.h,src/gl/dynlights/a_dynlight.cpp,src/p_teleport.cpp	-	- scriptified the teleport fog.
40e7fa5be2edba702c460d05e0bccd7fd1b5ac23	2017-01-14	src/actor.h,src/g_shared/a_randomspawner.cpp,src/info.cpp,src/p_mobj.cpp,src/scripting/codegeneration/codegen.cpp,src/scripting/codegeneration/codegen.h	wadsrc/static/zscript/shared/randomspawner.txt	- scriptified the RandomSpawner. - fixed: String constants were not processed by the compiler backen
386c00f17e75981ff0acfb97fbe67055a6869ca3	2017-01-14	src/g_shared/a_soundenvironment.cpp,src/p_sectors.cpp	-	- scriptified ASoundEnvironment.
96777273c434feb24cca2bee4d5c88a4af1784cd	2017-01-14	src/g_shared/a_soundsequence.cpp,src/p_mobj.cpp,src/s_sndseq.cpp,src/s_sound.cpp	-	- scriptified ASoundSequence. - exported virtual Actor.MarkPrecacheSounds function.
e16713492f522b10e88f94577774ca4dc51fd137	2017-01-14	src/g_shared/a_action.cpp,src/p_mobj.cpp	-	- scriptified A_FreezeDeath(Chunks).
a597979738ef3212847ff03a0de3dd48df0a0272	2017-01-14	src/fragglescript/t_func.cpp,src/g_inventory/a_ammo.cpp,src/g_inventory/a_ammo.h,src/g_inventory/a_pickups.cpp,src/p_user.cpp	wadsrc/static/zscript/inventory/ammo.txt	- scriptified ammo. - moved inventory stuff into its own directory.
4759f9a399ec9911e80d4f27b424a2e27ee7426a	2017-01-14	src/fragglescript/t_func.cpp,src/g_inventory/a_ammo.cpp,src/g_inventory/a_ammo.h,src/m_cheat.cpp,src/namedef.h,src/scripting/codegeneration/codegen.cpp,src/scripting/codegeneration/codegen.h,src/scripting/thingdef_data.cpp	-	- scriptified the backpack. - added GetParentClass builtin to compiler.
9f9cea4b4a835ef9dfb850ac92da413c651a8d9b	2017-01-15	src/g_inventory/a_health.cpp,src/g_inventory/a_health.h,src/p_mobj.cpp,src/scripting/codegeneration/codegen.cpp,src/scripting/codegeneration/codegen.h	wadsrc/static/zscript/inventory/health.txt	- scriptified the health items.
03c7b10fd66769f747a2ed4458069674621a471f	2017-01-15	src/b_think.cpp,src/d_dehacked.cpp,src/dobjtype.cpp,src/g_inventory/a_health.cpp,src/g_inventory/a_health.h,src/namedef.h,src/p_actionfunctions.cpp,src/p_interaction.cpp,src/p_mobj.cpp,src/scripting/thingdef_properties.cpp	-	- fully scriptified HealthPickup.
7503937a84f9cfe9c27281f40bfaa53bfaeaac45	2017-01-15	src/g_inventory/a_artifacts.cpp,src/g_inventory/a_artifacts.h,src/g_inventory/a_pickups.cpp,src/g_inventory/a_pickups.h,src/g_level.cpp,src/namedef.h,src/p_pspr.cpp	-	- scriptified PowerTargeter.
4837e1e77042360e9d6576b244b63165414345da	2017-01-15	src/g_inventory/a_artifacts.cpp,src/g_inventory/a_artifacts.h,src/scripting/thingdef_data.cpp	-	- partially scriptified APowerSpeed.
d2d6e5d486f438c6a2838048963f25088c7459a4	2017-01-15	src/doomtype.h,src/g_inventory/a_artifacts.cpp,src/g_inventory/a_artifacts.h,src/g_inventory/a_pickups.cpp,src/g_inventory/a_weapons.cpp,src/g_inventory/a_weapons.h,src/g_level.cpp,src/g_shared/a_morph.cpp,src/g_shared/shared_sbar.cpp,src/gl/scene/gl_scene.cpp,src/m_cheat.cpp,src/namedef.h,src/p_interaction.cpp,src/p_lnspec.cpp,src/p_pspr.cpp,src/p_sectors.cpp,src/p_user.cpp,src/scripting/codegeneration/codegen.cpp,src/textures/texturemanager.cpp,src/textures/textures.h,src/v_draw.cpp	-	- scriptified PowerFlight and PowerWeaponLevel2.
d207b571d9faca347bb14c617d2cf0cabedc2573	2017-01-16	src/g_inventory/a_artifacts.cpp,src/g_inventory/a_artifacts.h,src/scripting/codegeneration/codegen.cpp	-	- scriptified PowerLightAmp and PowerTorch. - allow calling qualified super methods so skipping some
616f954153b130d8b8047ac4ae7fd5ecb44fb908	2017-01-16	src/g_inventory/a_armor.cpp,src/g_inventory/a_artifacts.cpp,src/g_inventory/a_artifacts.h,src/p_spec.cpp,src/serializer.cpp	-	- scriptified PowerIronFeet and PowerMask.
d3ab691afbe5723b5756cd40b5c97d6291b78ea0	2017-01-16	src/actor.h,src/g_inventory/a_artifacts.cpp,src/g_inventory/a_artifacts.h,src/g_inventory/a_pickups.cpp,src/g_inventory/a_pickups.h,src/gl/scene/gl_weapon.cpp,src/p_mobj.cpp,src/r_defs.h,src/r_things.cpp,src/r_things.h	-	- scriptified APowerInvisibility. - changed AlterWeaponSprite so that it doesn't expose renderer int
6990a46dafde9feb76e231cf14c3e4af5ad9839a	2017-01-16	src/g_inventory/a_artifacts.cpp,src/g_inventory/a_artifacts.h,src/g_shared/shared_hud.cpp,src/s_advsound.cpp,src/scripting/codegeneration/codegen.cpp	-	- scriptified PowerStrength.
8f6571241dfe0bdc5e95e572adeca603eab6d03b	2017-01-16	src/g_inventory/a_artifacts.cpp,src/g_inventory/a_artifacts.h,src/p_mobj.cpp,src/scripting/thingdef_data.cpp	-	- scriptified AÜpwerInvulnerable.
75d3f42d4f48f3d682a3054fde0c321ce19bf137	2017-01-17	src/dobjtype.h,src/g_inventory/a_artifacts.cpp,src/g_inventory/a_artifacts.h,src/g_shared/a_morph.cpp,src/p_acs.cpp,src/r_data/colormaps.h,src/scripting/thingdef.h,src/scripting/thingdef_data.cpp,src/scripting/thingdef_properties.cpp,src/scripting/vm/vmframe.cpp	-	- scriptified APowerup.
14f2c39e5863055d2d8a42de4e01bdcaeb9c0ac4	2017-01-17	src/c_console.cpp,src/d_dehacked.cpp,src/g_inventory/a_weapons.cpp,src/gi.cpp,src/gi.h,src/m_cheat.cpp,src/p_actionfunctions.cpp,src/p_mobj.cpp,src/p_user.cpp,src/scripting/codegeneration/codegen.cpp,src/scripting/codegeneration/codegen.h,src/scripting/thingdef_data.cpp,src/scripting/vm/vmexec.h,src/scripting/vm/vmops.h	wadsrc/static/zscript/shared/player_cheat.txt	- scriptified cht_Give and cht_Take and made them virtual function of PlayerPawn so that this can be
98f9219334a619d495bd3a4139c97792b4307b6f	2017-01-17	src/g_inventory/a_artifacts.cpp,src/g_inventory/a_artifacts.h,src/g_inventory/a_pickups.cpp,src/g_inventory/a_pickups.h,src/namedef.h,src/p_interaction.cpp,src/scripting/decorate/thingdef_parse.cpp,src/scripting/thingdef.h,src/scripting/thingdef_properties.cpp,src/scripting/zscript/zcc_compile.cpp	-	- scriptified the remaining functions in a_artifacts.cpp. - added some helpers to set scripted membe
232b64d33242bfd99bcbc2d7d435593bc289e957	2017-01-18	src/dobject.cpp,src/dobject.h,src/dobjtype.cpp,src/dobjtype.h,src/g_game.cpp,src/g_inventory/a_artifacts.cpp,src/g_inventory/a_artifacts.h,src/g_shared/a_morph.cpp,src/g_shared/sbarinfo_commands.cpp,src/namedef.h,src/p_acs.cpp,src/p_mobj.cpp,src/p_user.cpp,src/scripting/thingdef_properties.cpp,src/scripting/vm/vm.h	-	- eliminated the native PowerupGiver class. - scriptified the respawn invulnerability code into a vi
534b2ebbfb057a0f0777e4762a7b828ec4276d60	2017-01-18	src/d_dehacked.cpp,src/dobject.cpp,src/dobject.h,src/dobjtype.cpp,src/dobjtype.h,src/g_inventory/a_artifacts.cpp,src/g_inventory/a_artifacts.h,src/g_inventory/a_pickups.cpp,src/g_inventory/a_pickups.h,src/p_acs.cpp,src/p_lnspec.cpp,src/p_mobj.cpp,src/scripting/thingdef_properties.cpp	-	- scriptified the remains of APowerup. - ensure that actor defaults contain a valid virtual table an
d9fd2d509fcb1dfc7e2e0af9fb7cd13a5dd2577a	2017-01-18	src/b_think.cpp,src/d_dehacked.cpp,src/fragglescript/t_func.cpp,src/g_inventory/a_ammo.cpp,src/g_inventory/a_ammo.h,src/g_inventory/a_pickups.cpp,src/g_inventory/a_weapons.cpp,src/g_inventory/a_weapons.h,src/g_shared/sbar.h,src/g_shared/sbarinfo.cpp,src/g_shared/sbarinfo_commands.cpp,src/g_shared/shared_hud.cpp,src/g_shared/shared_sbar.cpp,src/g_strife/strife_sbar.cpp,src/m_cheat.cpp,src/namedef.h,src/p_acs.cpp,src/p_enemy.cpp,src/p_mobj.cpp,src/p_user.cpp,src/scripting/thingdef_properties.cpp	-	- scriptified the remains of AAmmo.
d8acf774a604cb93e5a1100bac3edebea212bc95	2017-01-18	src/am_map.cpp,src/g_inventory/a_keys.cpp,src/g_inventory/a_keys.h,src/g_shared/sbarinfo_commands.cpp,src/g_shared/shared_hud.cpp,src/g_strife/strife_sbar.cpp,src/namedef.h,src/p_conversation.cpp,src/p_user.cpp	-	- scriptified the remains of AKey. - replaced Key.KeyNumber with special1. This is only for internal
30a8541a1576bf4023b71deefba1cc09a4a4bc43	2017-01-18	src/d_dehacked.cpp,src/g_inventory/a_pickups.cpp,src/g_inventory/a_weaponpiece.cpp,src/g_inventory/a_weaponpiece.h,src/g_shared/sbarinfo_commands.cpp,src/p_mobj.cpp	wadsrc/static/zscript/inventory/weaponpiece.txt	- scriptified the weapon piece functions. - fixed: ClearInventory did not process depleted items pro
1ce7b80158a8d7c9ebba01f47d08c6fe14bf18f1	2017-01-18	src/dobject.cpp,src/dobject.h,src/dobjtype.cpp,src/dobjtype.h,src/g_inventory/a_weaponpiece.cpp,src/g_inventory/a_weaponpiece.h,src/g_shared/sbarinfo.cpp,src/g_shared/sbarinfo_commands.cpp,src/scripting/thingdef.cpp,src/scripting/thingdef_properties.cpp	-	- scriptified the rest of the weapon pieces.
87b9b6111df76bcb0521c405db3ccc72f35da22e	2017-01-18	src/gl/dynlights/a_dynlight.cpp,src/gl/dynlights/gl_dynlight.cpp,src/gl/dynlights/gl_dynlight.h	-	- scriptified the BeginPlay methods of the VavoomLight classes. - moved m_Radius back to arg[3] and 
2dd6fb95958f506c67053c2a7c26b41af74d9b50	2017-01-18	src/d_dehacked.cpp,src/d_player.h,src/g_inventory/a_armor.cpp,src/g_inventory/a_armor.h,src/m_cheat.cpp,src/namedef.h,src/p_actionfunctions.cpp,src/p_mobj.cpp,src/p_user.cpp,src/scripting/thingdef_properties.cpp,src/scripting/zscript/zcc_compile.cpp	-	- scriptified BasicArmorBonus.
3148496f57bb22f95401baca6e6235fc044b81a3	2017-01-18	src/d_dehacked.cpp,src/g_inventory/a_armor.cpp,src/g_inventory/a_armor.h,src/gi.cpp,src/info.cpp,src/info.h,src/scripting/thingdef_properties.cpp	-	- scriptified BasicArmor and fixed a few errors in the conversion.
632a29e365e9d28811c1e5fefa40f4c9ac3ff671	2017-01-18	src/g_inventory/a_armor.cpp,src/g_inventory/a_armor.h,src/g_inventory/a_pickups.cpp,src/g_inventory/a_pickups.h,src/g_shared/a_morph.cpp,src/g_shared/sbarinfo_commands.cpp,src/g_shared/shared_hud.cpp,src/namedef.h,src/p_mobj.cpp,src/p_user.cpp	-	- scriptified HexenArmor.
8256f25a84618fd0598ba53602b5e6de3ba7cc8d	2017-01-18	src/ct_chat.cpp,src/d_dehacked.cpp,src/g_inventory/a_armor.cpp,src/g_inventory/a_armor.h,src/g_shared/a_morph.cpp,src/g_shared/sbarinfo.cpp,src/g_shared/shared_hud.cpp,src/g_strife/strife_sbar.cpp,src/m_cheat.cpp,src/p_acs.cpp,src/p_actionfunctions.cpp,src/p_mobj.cpp,src/p_user.cpp,src/scripting/thingdef_properties.cpp	-	- no need to keep AArmor native, now that all child classes have been scriptified.
42f3ccc602f1da3717c6feceeb02ff9dc274b116	2017-01-19	src/p_pspr.cpp	wadsrc/static/zscript/inventory/stateprovider.txt	- scriptified a few parts of p_pspr.cpp. - added a speed parameter to A_Lower and A_Raise in the pro
6d3b26f94c21a603cb7e82f40ea0878f18dc91d7	2017-01-19	src/g_inventory/a_weapons.cpp,src/g_inventory/a_weapons.h,src/namedef.h,src/p_enemy.cpp	-	- scriptified the WeaponGiver.
19b1c10ba81e1c8114574fe1ad3e6a1731d1d1bb	2017-01-19	src/c_console.cpp,src/g_inventory/a_weapons.cpp,src/g_inventory/a_weapons.h,src/g_shared/shared_sbar.cpp,src/gi.cpp,src/gl/dynlights/a_dynlight.cpp,src/gl/dynlights/gl_dynlight.cpp,src/p_states.cpp,src/p_user.cpp,src/scripting/codegeneration/codegen.cpp	-	- scriptified a large part of the weapon code.
7c6542e595cc212ab9ac258b2b9044546ff1dc68	2017-01-19	src/fragglescript/t_func.cpp,src/g_inventory/a_pickups.cpp,src/g_inventory/a_pickups.h,src/namedef.h,src/p_actionfunctions.cpp,src/p_mobj.cpp,src/scripting/thingdef.cpp,src/scripting/zscript/zcc_compile.cpp	-	- partial scriptification of AInventory. - scriptification of CustomInventory.
3c30b59babc5b01314cc1cea988bd8ff5d71b0a2	2017-01-19	src/d_dehacked.cpp,src/d_dehacked.h,src/dobject.h,src/dobjtype.h,src/g_inventory/a_pickups.cpp,src/g_inventory/a_pickups.h,src/g_level.cpp,src/gl/dynlights/gl_dynlight.cpp,src/gl/scene/gl_scene.cpp,src/namedef.h,src/p_enemy.cpp,src/p_lnspec.cpp,src/scripting/codegeneration/codegen.cpp,src/scripting/decorate/olddecorations.cpp,src/scripting/decorate/thingdef_parse.cpp,src/scripting/thingdef.cpp,src/scripting/zscript/zcc_compile.cpp	-	more inventory scriptification
c880b26d985ced8c15d22a6511516df736ad619a	2017-01-20	src/g_shared/a_morph.cpp,src/g_shared/a_sharedglobal.h,src/gl/scene/gl_sprite.cpp,src/namedef.h,src/p_buildmap.cpp,src/r_defs.h,src/scripting/thingdef_data.cpp,src/scripting/thingdef_properties.cpp	-	- scriptified MorphProjectile and CustomSprite.
f5421491ec05a7e7a8b355581fcace2e3e530e65	2017-01-20	src/am_map.cpp,src/ct_chat.cpp,src/d_main.cpp,src/g_shared/sbar.h,src/g_shared/sbarinfo.cpp,src/g_shared/sbarinfo.h,src/g_shared/sbarinfo_commands.cpp,src/g_shared/shared_sbar.cpp,src/hu_scores.cpp,src/r_utility.cpp,src/st_stuff.h,src/v_draw.cpp	-	- wrapped the entire DSBarInfo class in a container and completely decoupled it from DBaseStatusBar.
07ba75762b4516a7ed0c0286da1b590afce53c89	2017-02-10	src/menu/colorpickermenu.cpp,src/menu/menu.cpp,src/menu/menu.h,src/menu/menuinput.cpp,src/menu/messagebox.cpp,src/menu/optionmenu.cpp,src/menu/optionmenuitems.h,src/v_draw.cpp	wadsrc/static/zscript/menu/colorpickermenu.txt	- the first menu function has been scriptified.
f91d91d6e81194010dc9838091dc0fd71403ceaa	2017-02-11	src/c_bind.cpp,src/c_cvars.cpp,src/c_dispatch.cpp,src/menu/colorpickermenu.cpp,src/menu/joystickmenu.cpp,src/menu/menu.cpp,src/menu/menudef.cpp,src/menu/messagebox.cpp,src/menu/optionmenu.cpp,src/menu/optionmenuitems.h,src/menu/videomenu.cpp,src/scripting/backend/codegen.cpp	wadsrc/static/zscript/menu/joystickmenu.txt,wadsrc/static/zscript/menu/optionmenuitems.txt	- all optionmenu items scriptified, but not integrated yet.
947b625c5032f77b9c85f0e88223aa26c4346a80	2017-02-11	src/dobjtype.cpp,src/menu/listmenu.cpp,src/menu/menu.cpp,src/menu/menu.h,src/menu/menudef.cpp,src/menu/playerdisplay.cpp,src/menu/playermenu.cpp,src/p_states.cpp,src/p_user.cpp,src/r_data/r_translate.cpp,src/scripting/backend/codegen.cpp,src/scripting/thingdef_data.cpp,src/textures/texturemanager.cpp,src/v_draw.cpp,src/v_font.cpp	wadsrc/static/zscript/menu/listmenuitems.txt,wadsrc/static/zscript/menu/playerdisplay.txt,wadsrc/static/zscript/menu/playermenu.txt	- all menu items scriptified, but not yet active.
fc4e1ffcdfed24fb22618fe1ccdb72ff2c5728e8	2017-02-11	src/g_game.cpp,src/menu/loadsavemenu.cpp,src/menu/menu.h,src/menu/menudef.cpp,src/menu/messagebox.cpp	-	- separated the savegame menu code into an internal class managing the savegame data and the actual 
2b977f70e6981980daa4e8171987b9c13ac37a33	2017-02-12	src/menu/menu.cpp,src/menu/videomenu.cpp	wadsrc/static/zscript/menu/videomenu.txt	- scriptified the video mode menu (only the part that extends the actual menu class, the entire thin
12db190f41a4f74116e2542f9a4fbdf60e538485	2017-02-12	src/menu/optionmenu.cpp	wadsrc/static/zscript/menu/optionmenu.txt	- scriptified the CVar printers for the gameplay and compatibility menus.
46c0d27fe7b3e32c21fd637b1672f87d6412e99e	2017-02-13	src/menu/joystickmenu.cpp,src/menu/menu.cpp,src/menu/menu.h,src/menu/menudef.cpp,src/menu/optionmenu.cpp,src/virtual.h	-	- scriptified the entire OptionMenu class and all still existing native subclasses.
6525e0411863f8ce1995c1ee24d6ba766935dfdb	2017-02-13	src/c_cvars.cpp,src/c_dispatch.cpp	-	- added restrictions to CVAR and CCMD access functions for the menus. CVAR changes are only allowed 
416911587ee5d77c73ccc44c7b20bdb615ac408b	2017-02-17	src/menu/playermenu.cpp	wadsrc/static/zscript/menu/playermenu.txt	- scriptified PlayerMenu.Drawer
f4e9cd000999cb55f8fe474d32d350cb2e22e045	2017-02-17	src/menu/playermenu.cpp,src/p_user.cpp	-	- scriptified DPlayerMenu::MouseEvent.
51493cde8cc8aca702df2dd7d797d7646a73f27d	2017-02-17	src/menu/playermenu.cpp	-	- scriptified DPlayerMenu::MenuEvent.
b375657509f9f7f6a2d50fc3cc2aa126507e69e1	2017-02-17	src/menu/playermenu.cpp,src/p_user.cpp	-	- scriptified DPlayerMenu::SkinChanged.
6a2525b737fb4ea4d0a1d0e36eb93ce65a04d65a	2017-02-17	src/menu/playermenu.cpp	-	- scriptified PickPlayerClass.
97eed1e6df0fcda6ee559f9af302c415d404b021	2017-02-17	src/menu/playermenu.cpp,src/p_user.cpp,src/r_data/sprites.cpp,src/scripting/thingdef_data.cpp	-	- scriptified UpdateSkins.
50d2846e40457fd6715d498404ad97063b766d59	2017-02-17	src/p_user.cpp,src/scripting/zscript/zcc_compile.cpp	-	- scriptified UpdateColorsets.
49a07180c07c6b74cf1edd9d45555b179fb0ec53	2017-02-17	src/gi.cpp,src/menu/playermenu.cpp	-	- scriptified ClassChanged.
5f1241a55c73986aa36d32363a1196128a44af8b	2017-02-18	src/d_player.h,src/menu/playermenu.cpp,src/p_user.cpp,src/scripting/thingdef_data.cpp,src/teaminfo.cpp,src/teaminfo.h	-	- scriptified the rest of the player menu. This compiles and runs but doesn't work yet, it will be f
872969eb140e5c46348e7defadcee3aabb227921	2017-02-18	src/menu/loadsavemenu.cpp,src/menu/menu.cpp,src/menu/menu.h	-	- scriptified the LoadMenu class and exported the entire interface to handle the LoadSaveMenu.
ee6a90deece2c700f63d5ba5a421666b5ceb26bb	2017-02-18	src/d_net.cpp,src/g_game.cpp,src/menu/loadsavemenu.cpp,src/version.h	-	- scriptified DLoadSaveMenu::Responder. - scriptified DSaveMenu.
4a6d0f1fa5695bb9ef0129a1eb19c6f32dc93c95	2017-02-18	src/menu/loadsavemenu.cpp,src/menu/menu.h	-	- scriptified DLoadSaveMenu::MenuEvent.
6a65f022572e740192c5e050d5103b1e3aeb4d01	2017-02-18	src/menu/loadsavemenu.cpp	-	- completed scriptification of LoadSaveMenu.
b7a5437af6eaf6f0c5d94cffe7c3fba7a5db8509	2017-02-18	src/menu/listmenu.cpp,src/menu/menu.cpp,src/menu/menu.h,src/menu/menudef.cpp,src/menu/playermenu.cpp	-	- scriptified parts of ListMenu.
0c41a9dee7e9c2f3068540f49b2cd261a904ef0d	2017-02-18	src/menu/menu.h,src/menu/menuinput.cpp,src/v_video.cpp	-	- scriptified DTextEnterMenu::Drawer.
aabcc1f92e3fb2e811887738fca9d41724009cd4	2017-02-18	src/menu/messagebox.cpp,src/scripting/vm/vm.h	wadsrc/static/zscript/menu/messagebox.txt	- scriptified the input functions of DMessageBoxMenu.
62b594a4990f91e58141d5255898c3732d3a87dc	2017-02-18	src/menu/messagebox.cpp	-	- DMessageBoxMenu::Drawer scriptified.
e46571c192e568a773be8887b2e3ad515853c217	2017-02-18	src/menu/messagebox.cpp	-	- DMessageBoxMenu is fully scriptified.
2440951811050685ca1e88280692edc6848012f7	2017-02-19	src/g_level.cpp,src/g_levellocals.h,src/g_mapinfo.cpp,src/gi.cpp,src/menu/readthis.cpp,src/scripting/thingdef_data.cpp	wadsrc/static/zscript/menu/readthis.txt	-scriptified the ReadThis screen.
3c8a5fdbe77b4c877bbd20f36154fba064921f07	2017-02-19	src/p_conversation.cpp	wadsrc/static/zscript/menu/conversationmenu.txt	- scriptified the drawer functions of the conversation menu.
d85b9cdd71bf8debe549fef5fbd17e3f506eb726	2017-02-19	src/g_level.cpp,src/menu/menu.cpp,src/menu/menu.h,src/p_conversation.cpp,src/scripting/thingdef_data.cpp	-	- scriptified the input methods of DConversationMenu. - fixed handling of DimAllowed.
e05242e44dc8119dbb839b0688edd324c4f95c78	2017-02-19	src/gi.cpp,src/gi.h,src/namedef.h,src/p_conversation.cpp,src/p_conversation.h,src/p_usdf.cpp,src/scripting/thingdef_data.cpp	-	- scriptified the remaining parts of the conversationmenu. - do not resolve the backdrop texture to 
9089beb110fd834e5b8d216d5ec93a3c84cc9631	2017-02-19	src/gi.cpp,src/menu/menu.cpp,src/menu/menu.h,src/scripting/thingdef_data.cpp	-	- scriptified most of the remaining parts of DMenu. Only the engine interface remains native now.
fb52b034b0242b393cef3d5c4f44c1221a2865ba	2017-02-19	src/menu/menu.cpp	-	- added a GenericMenu class, so that all menus can be given a virtual Init method.
89a43feb7aa5363d75cb397221c53232ab05379a	2017-02-25	src/wi_stuff.cpp	-	- split the intermission background handling into its own class.
b6a1fe7fc6ac50409cc127c026e39387a5955f94	2017-02-28	src/dobject.cpp,src/info.cpp,src/info.h,src/namedef.h,src/p_actionfunctions.cpp,src/p_mobj.cpp,src/scripting/decorate/olddecorations.cpp,src/scripting/thingdef_properties.cpp,src/scripting/zscript/zcc_parser.cpp	-	- scriptified the basic attack functions, its properties and the explosion properties to test the ne
1311f08f4714138fb1bfa837a91672760f77d944	2017-02-28	src/actor.h,src/dobjtype.cpp,src/info.cpp,src/info.h,src/p_mobj.cpp,src/scripting/backend/codegen.cpp,src/scripting/thingdef_properties.cpp	-	- scriptified Actor.GetBloodType as a virtual function to allow mods more flexibility here. - made C
1e9ef2b1dfa9c1843cedae9813fa01af0ee231d0	2017-03-18	src/scripting/backend/codegen.cpp,src/scripting/thingdef.cpp,src/textures/texturemanager.cpp,src/wi_stuff.cpp	wadsrc/static/zscript/statscreen/statscreen.txt	- started scriptifying the level intermission screen. This compiles but is not active yet. - allow t
745b96beec5666469bf3bb8298e87aae4922aa79	2017-03-18	src/b_game.cpp,src/doomstat.cpp,src/g_level.cpp,src/p_user.cpp,src/wi_stuff.cpp	-	- made the status screen a class and scriptified a few more functions.
a2f2be17ef30c767fc663ef9401b058577b11473	2017-03-18	src/d_netinfo.cpp,src/g_level.cpp,src/g_levellocals.h,src/gi.cpp,src/hu_scores.cpp,src/p_user.cpp,src/scripting/thingdef_data.cpp,src/textures/texturemanager.cpp,src/wi_stuff.cpp,src/wi_stuff.h	wadsrc/static/zscript/statscreen/statscreen_coop.txt,wadsrc/static/zscript/statscreen/statscreen_dm.txt,wadsrc/static/zscript/statscreen/statscreen_sp.txt	- status screen fully scriptified but not active yet.
9bffe4ee5089afa2b9a1c2f5e3ea0c0b067532f8	2017-03-22	src/am_map.cpp,src/b_game.cpp,src/c_console.cpp,src/d_main.cpp,src/d_netinfo.cpp,src/g_game.cpp,src/g_level.cpp,src/g_statusbar/sbar.h,src/g_statusbar/shared_sbar.cpp,src/g_statusbar/strife_sbar.cpp,src/gl/system/gl_swframebuffer.cpp,src/m_cheat.cpp,src/menu/videomenu.cpp,src/p_mobj.cpp,src/p_tick.cpp,src/scripting/vm/vm.h,src/scripting/zscript/zcc_compile.cpp,src/stats.cpp,src/v_draw.cpp,src/v_video.cpp,src/win32/fb_d3d9.cpp	wadsrc/static/zscript/statusbar/statusbar.txt,wadsrc/static/zscript/statusbar/strife_sbar.txt	- scriptified the main statusbar interface and the Strife status bar.
1423d5f42a987e13d6e94eacd2f3db903ebc3f1d	2017-03-22	src/b_game.cpp,src/d_main.cpp,src/d_netinfo.cpp,src/g_game.cpp,src/g_level.cpp,src/g_statusbar/sbar.h,src/g_statusbar/sbarinfo.cpp,src/g_statusbar/sbarinfo.h,src/g_statusbar/shared_sbar.cpp,src/p_mobj.cpp	wadsrc/static/zscript/statusbar/sbarinfowrapper.txt	- scriptified the SBARINFO wrapper.
f0e4f54c80eca5059be31e3ba5eb9586a9f6b960	2017-03-22	src/g_statusbar/sbar.h,src/g_statusbar/sbarinfo.cpp,src/g_statusbar/shared_sbar.cpp	-	- one more bit of scriptification.
b17b8d32ad580e06196a21939b66b966af1694c8	2017-03-24	src/g_shared/shared_hud.cpp,src/g_statusbar/sbarinfo.cpp,src/g_statusbar/shared_sbar.cpp,src/v_draw.cpp	-	completely redid the active powerup drawer for the HUD
7ba68601029e9c91bd2850fffb1076ae223261ae	2017-03-29	src/cmdlib.cpp,src/g_statusbar/sbar.h,src/g_statusbar/shared_sbar.cpp	-	- scriptified the automap HUD and made it obey hud_scale instead of always being fully scaled.
abee2805cb31a129947f839099db78777e3026fc	2017-05-01	src/d_player.h,src/g_level.cpp,src/p_user.cpp,src/r_utility.cpp	-	- the last scriptified bits of P_PlayerThink.
b84f7bcadad55a925d5a2226cc3d307b98f1d059	2017-05-01	src/d_player.h,src/g_inventory/a_weapons.cpp,src/g_inventory/a_weapons.h,src/p_pspr.cpp,src/p_pspr.h,src/p_user.cpp	-	- scriptified the weapon firing logic.
950443683b60bfabc1f5359472c05a7e8290f299	2018-04-11	src/compatibility.cpp	-	Scriptified compatibility of more Heretic levels
6631f208b17e5f0c1b461c9bc6d43c77d29657fd	2018-04-11	src/compatibility.cpp	-	Scriptified remaining compatibility entries
3988e270591ff7eebedc5d424f5e9ffc90fb87c8	2018-04-11	src/compatibility.cpp	-	- scriptified the last remaining definition (BTSX MAP12 beta) - Changes to map geometry must force a
02de10f65732639b0b28e1a98d7927a0708f1e0b	2018-11-19	src/b_bot.h,src/d_player.h,src/dobject.cpp,src/dobject.h,src/p_user.cpp,src/r_data/r_interpolate.cpp,src/scripting/backend/vmbuilder.cpp	-	- cleaned up the PointerSubstitution code
e90ed0a01cd64152ccf0ad03e7a95d6132fbd6bc	2018-11-19	src/g_inventory/a_weapons.cpp,src/g_inventory/a_weapons.h,src/p_pspr.cpp	-	removed the quite redundant GetStateForButtonName function
192104aea2a267e67be13aa3e3685ee4f323b2e4	2018-11-24	src/g_shared/a_morph.cpp,src/gi.cpp,src/p_user.cpp,src/scripting/backend/vmbuilder.cpp	-	- scriptified P_MorphPlayer and dependencies.
78d6832d14ac76c2de4a6730f06e563bacb4050a	2018-11-24	src/d_player.h,src/g_inventory/a_weapons.cpp,src/g_inventory/a_weapons.h,src/g_shared/a_morph.cpp,src/p_saveg.cpp,src/p_user.cpp,src/scripting/thingdef.cpp	-	- P_UndoPlayerMorph scriptified.
ac1bffc51be822cb166207fd715bc5751d15a5c3	2018-11-24	src/g_shared/a_morph.cpp,src/g_shared/a_morph.h,src/p_acs.cpp,src/p_user.cpp	-	- scriptified P_MorphMonster.
bd84a60663b1890a1596f7c8831df7b865b40e12	2018-11-24	src/g_game.cpp,src/g_shared/a_morph.cpp,src/g_shared/a_morph.h,src/g_shared/a_sharedglobal.h,src/p_acs.cpp,src/p_interaction.cpp,src/p_user.cpp	-	- scriptified the rest of the morph code.
ac77ca64742ab31dc3caa44901e3d9f72fcaaaa1	2018-11-24	src/g_inventory/a_weapons.cpp	-	- scriptified Weapon.CheckAmmo and Weapon.DepleteAmmo
e071be8371ba7dc47c28c9ec453e087e7fbfa2ba	2018-11-24	src/p_actionfunctions.cpp	wadsrc/static/zscript/actor_attacks.txt	- scriptified A_FireBullets and A_CustomBulletAttack.
7bb3855439b09e09e0a45530234da06b849280ba	2018-11-24	src/p_actionfunctions.cpp	-	- scriptified A_FireProjectile
5c130737c49f0bea8d1454f655d1e7c3fc9598c8	2018-11-24	src/p_actionfunctions.cpp,src/p_enemy.cpp,src/p_enemy.h	-	- scriptified A_CustomPunch
4c1b3f81abc5690a2e30c8b288a89f134f0eab2e	2018-11-24	src/p_actionfunctions.cpp,src/p_map.cpp,src/scripting/thingdef_data.cpp	-	- scriptified A_RailAttack.
6be7fc33f314de04fe7f613b5b5a714f41b4e3bc	2018-11-24	src/p_actionfunctions.cpp	-	- scriptified 3 more functions in stateprovider.
b4c272ddffdca8af6184bb56dc780aacf0097214	2018-11-24	src/g_inventory/a_weapons.cpp,src/g_inventory/a_weapons.h,src/p_actionfunctions.cpp	-	- scriptified A_SpawnItem(Ex) and A_ThrowGrenade.
9584e3bc53f6250a8cffa7dbd466ab6ae561288b	2018-11-24	src/g_inventory/a_weapons.cpp,src/g_inventory/a_weapons.h,src/p_pspr.cpp,src/scripting/vm/vm.h	-	- scriptified P_BringUpWeapon because this was the only native function still referencing AWeapon::G
44d51a6de9e5bd39dcf0c3f4183dea689da03c65	2018-11-24	src/p_user.cpp	-	- scriptified GetDefaultInventory.
652606f70b89c62cb419fe1f151564a1e0e5df54	2018-11-24	src/p_actionfunctions.cpp,src/p_enemy.cpp,src/p_local.h,src/p_map.cpp,src/p_mobj.cpp	-	- scriptified A_Explode and relatives.
cf9cd583104cbcd9f62acfc3ab549863735ff8b9	2018-11-24	src/p_enemy.cpp	-	- scriptified ModifyDropAmount as a virtual function hierarchy for Inventory and children.
fb91982da23f1d9657778d2e31c5291c9b23757c	2018-11-24	src/d_dehacked.cpp,src/d_player.h,src/g_inventory/a_weapons.h,src/g_level.cpp,src/g_levellocals.h,src/intermission/intermission.cpp,src/p_actionfunctions.cpp,src/p_enemy.cpp,src/p_enemy.h,src/p_saveg.cpp,src/p_user.cpp	-	- scriptified APlayerPawn::Die and fixed a few things I encountered while doing it.
c14b7f58d3b6e668425d4bff5303012cd72cf73c	2018-11-24	src/p_enemy.cpp	-	- scriptified some simple sound functions.
3d892d397014da2ac98cec829f5719b062bebe8a	2018-11-24	src/d_player.h,src/g_statusbar/sbarinfo_commands.cpp,src/p_mobj.cpp,src/p_user.cpp	-	- scriptified FilterCoopRespawnInventory.
337750b874e588f91626b29dd304ac4f5838f407	2018-11-24	src/g_inventory/a_pickups.cpp,src/g_inventory/a_pickups.h	-	- scriptified BecomeItem and BecomePickup
34b7e5f435fd3e3a05cb81f6d2b3fb90ec709d71	2018-11-25	src/d_player.h,src/p_pspr.cpp,src/p_user.cpp,src/scripting/vm/vm.h	-	- scriptified P_BobWeapon as a virtual function on PlayerPawn.
ae27acb9443430dde49e2a2e318906176080482b	2018-11-25	src/p_pspr.cpp	-	- scriptified A_WeaponReady and its subfunctions.
e856e3c830026cb87af7093a51a56e67110ebc29	2018-11-25	src/p_interaction.cpp	-	- moved the kickback code in P_DamageMobj into a subfunction.
460c400315778d3c5a614216c2b498f1afcaad4c	2018-11-25	src/gi.cpp,src/p_interaction.cpp	wadsrc/static/zscript/actor_interaction.txt	- scriptified ApplyKickback.
f218e95c4d53b22295c9ae697709ec43985ee3c8	2018-11-25	src/g_game.cpp,src/m_cheat.cpp,src/m_cheat.h	-	- scriptified cht_Takeweaps.
691652042c587f288ca096e9d326df27db6f5ad2	2018-12-01	src/g_statusbar/sbar.h,src/g_statusbar/sbarinfo_commands.cpp,src/g_statusbar/shared_sbar.cpp,src/scripting/vmthunks.cpp	-	- added direct native variants to nearly all status bar function.
a426655d61161b7112e1d939f58e04d759778d55	2018-12-01	src/actor.h,src/d_player.h,src/p_mobj.cpp,src/p_user.cpp	wadsrc/static/zscript/actor_inventory.txt,wadsrc/static/zscript/shared/player_inventory.txt	- scriptified AddInventory.
eb47fb9adc4fef7787623748b5672df213b5865c	2018-12-01	src/actor.h,src/fragglescript/t_func.cpp,src/namedef.h,src/p_acs.cpp,src/p_mobj.cpp	-	- scriptified GiveInventory and made the interface a bit more configurable by mods.
023efc7685ad236737fc7399f61fd8485b6b822f	2018-12-01	src/actor.h,src/d_player.h,src/g_inventory/a_pickups.cpp,src/g_inventory/a_pickups.h,src/p_mobj.cpp,src/p_user.cpp	-	- scriptified RemoveInventory and Inventory.OnDestroy.
588ddd185b8f62051e1407d660fb9b0e9fb102e6	2018-12-01	src/fragglescript/t_func.cpp,src/namedef.h,src/p_acs.cpp,src/p_mobj.cpp	-	- scriptified TakeInventory, including the ACS/FS interfaces.
09129e01135b44f2334cfbfb77e813afe24956cf	2018-12-01	src/actor.h,src/d_player.h,src/g_statusbar/sbar.h,src/g_statusbar/shared_sbar.cpp,src/m_cheat.cpp,src/p_actionfunctions.cpp,src/p_conversation.cpp,src/p_mobj.cpp,src/p_user.cpp	-	- scriptified UseInventory and several functions using the already scriptified ones,
2c59172c42b30f40c8adec5402795abf28ad27f3	2018-12-01	src/m_cheat.cpp,src/p_mobj.cpp	-	- scriptified DropInventory.
7301bbc58edab5d177dbdf1c7bc2c801d375bf9a	2018-12-01	src/actor.h,src/fragglescript/t_func.cpp,src/p_mobj.cpp	-	- scriptified GiveAmmo and the one remaining piece of native code still using it.
577af8860cf1fed33c409d30433d3118c05d8bd7	2018-12-01	src/g_game.cpp	-	- scriptified invnext and invprev CCMDs.
4a1f011dc123a2b3703c5a6b4ea2589c7344c81d	2018-12-02	src/g_shared/shared_hud.cpp	wadsrc/static/zscript/statusbar/alt_hud.txt	- Alt HUD scriptification, part 1.
fbc441673a4f80621f76a93d9b1cc61e7a5110bd	2018-12-02	src/g_shared/shared_hud.cpp	-	- AltHUD ammo drawer scriptified.
714ca9b2ceabb3160e50df0a3a85798b24b3c7ee	2018-12-02	src/g_shared/shared_hud.cpp	-	- scriptified the AltHUD's weapon drawer.
4431ec06fd555cfe79d405f3710bab7af2e2db31	2018-12-02	src/g_game.cpp,src/g_shared/shared_hud.cpp	-	- scriptified the AltHUD's inventory drawer and fixed the InvPrev CCMD.
ddaab4d2abc3a878384d4dd2db52a60b32b280ab	2018-12-02	src/d_net.cpp,src/g_shared/shared_hud.cpp,src/g_statusbar/sbar.h,src/scripting/vmthunks.cpp	-	- scriptified and cleaned up the AltHUD's DrawCoordinates, DrawTime and DrawLatency functions.
fe39236ee1e0252b09c45f5021fd18b6582b616f	2018-12-02	src/g_game.cpp,src/g_shared/shared_hud.cpp	-	- scriptified the AltHUD'S powerup drawer.
ba905321b0f168a304fb7138e3b1463158f0f85f	2018-12-02	src/g_shared/shared_hud.cpp	-	- scriptified the main drawer for the in-game HUD and removed all intermediate VM calls from the nat
d11b33e8fd3ac3f1186d8868c7c56139077814ef	2018-12-02	src/d_main.cpp,src/g_shared/shared_hud.cpp,src/g_statusbar/shared_sbar.cpp,src/gi.cpp,src/gi.h,src/info.cpp	-	- scriptified the last components of the alternative HUD. - moved the ALTHUDCF parser PClass::Static
719598aae45e297cbf03767c7558039a3bd9d89c	2018-12-02	src/p_mobj.cpp	-	- scriptified AActor::ClearInventory
ee08412e4953ec79168a016c32e656b5447bbaab	2018-12-02	src/g_game.cpp,src/g_level.cpp,src/namedef.h,src/p_acs.cpp	-	- scriptified G_PlayerFinishLevel.
a5fc26b37c63c6b5d7918dae80d9807188de123d	2018-12-02	src/p_mobj.cpp	-	- scriptified the no-spawn flag check for armor and health items.
93f91d10395b1e63c60af4d78a804c264e722046	2018-12-02	src/gi.cpp,src/p_actionfunctions.cpp,src/p_enemy.cpp	-	- scriptified P_DropItem.
3182569fb8c7413b97f9660890d9df1ff1988358	2018-12-02	src/d_net.cpp	-	- scriptified the decision making of the invuseall CCMD.
2e383073e84f364b8aa157adc1adc0b1f9451623	2018-12-02	src/p_interaction.cpp	-	- scriptified the AutoUseHealth feature.
807df33e1a6e6a5af3d28f360b9bf595c69a8d01	2018-12-02	src/g_inventory/a_pickups.cpp,src/g_inventory/a_pickups.h,src/namedef.h	-	- scriptified AInventory::Tick.
9348baeeb11c67ebe7b231efc8cab6d9d8c28305	2018-12-04	src/actor.h,src/am_map.cpp,src/b_think.cpp,src/c_functions.cpp,src/d_dehacked.cpp,src/d_net.cpp,src/d_player.h,src/dobjtype.cpp,src/dthinker.h,src/fragglescript/t_func.cpp,src/g_game.cpp,src/g_game.h,src/g_inventory/a_weapons.cpp,src/g_statusbar/sbarinfo.cpp,src/g_statusbar/sbarinfo_commands.cpp,src/m_cheat.cpp,src/p_acs.cpp,src/p_actionfunctions.cpp,src/p_conversation.cpp,src/p_enemy.cpp,src/p_interaction.cpp,src/p_lnspec.cpp,src/p_mobj.cpp,src/p_pspr.cpp,src/p_spec.cpp,src/scripting/vmthunks.cpp	-	Removed all remaining references to AInventory
44e43c48b5144215b8531970aca1eb20786cf05f	2018-12-04	src/p_actionfunctions.cpp	-	- scriptified A_SelectWeapon
2459b278952702e1243fe86aa2193d5e2a31a1f4	2018-12-04	src/d_player.h,src/fragglescript/t_func.cpp,src/p_user.cpp	-	- scriptified A_SelectWeapon and inlined the last remaining use of APlayerPawn::SelectWeapon.
d66516ec82fb137d4ffe36c5703dea82f7151c81	2018-12-04	src/g_shared/a_specialspot.cpp	-	- scriptified A_SpawnSingleItem, which was the last piece of native code still referencing AInventor
45d7e5a0380d8c2b9d14d18f3d3d494927e52050	2018-12-04	src/g_shared/a_specialspot.cpp,src/g_shared/a_specialspot.h,src/p_actionfunctions.cpp,src/scripting/vmthunks.cpp	-	- scriptified ASpecialSpot.
2e7e6cba9d06b16b7027c1cb6649551c314ae93c	2018-12-05	src/p_enemy.cpp	-	- scriptified P_CheckMeleeRange2.
dc612703d5541f1f84d3d90845e02a0215f2171d	2019-01-02	src/g_shared/a_dynlight.cpp,src/s_advsound.cpp,src/scripting/zscript/zcc_compile.cpp	-	- scriptified the declaration of AmbientSound
bc47fdfa78ea86ee93ae7356a41aacf7e9213c29	2019-01-02	src/d_player.h,src/g_game.cpp	-	- scriptified useflechette CCMD's item finding code.
c753d59a72d9d8a051cdff0efc110da1427428e9	2019-01-03	src/d_player.h,src/g_statusbar/sbarinfo_commands.cpp,src/namedef.h,src/p_mobj.cpp,src/p_user.cpp	-	- scriptified A_SkullPop and ObtainInventory.
2bd72478eec0422844fcec006092b53cd1a1ccee	2019-01-03	src/d_player.h,src/g_game.cpp,src/namedef.h,src/p_teleport.cpp,src/p_user.cpp,src/scripting/thingdef_properties.cpp,src/scripting/vmthunks_actors.cpp	-	- scriptified P_CalcHeight.
badacbb96845926ac5d7859b0c6711669fcbf574	2019-01-03	src/d_player.h,src/namedef.h,src/p_user.cpp,src/scripting/thingdef_properties.cpp,src/v_blend.cpp	-	- scriptified APlayerPawn's DamageFade handling.
23146f1af29c44206044edfa01664957c1be36f7	2019-01-03	src/d_player.h,src/p_mobj.cpp,src/p_user.cpp	-	- scriptified PlayerPawn.ResetAirSupply.
2258a71c36ac3423fb11be1626cd778d1bc62ac9	2019-01-03	src/actor.h,src/d_dehacked.cpp,src/d_player.h,src/g_game.cpp,src/namedef.h,src/p_acs.cpp,src/p_actionfunctions.cpp,src/p_conversation.cpp,src/p_interaction.cpp,src/p_mobj.cpp,src/p_teleport.cpp,src/p_user.cpp,src/scripting/vm/vm.h	wadsrc/static/zscript/actor_actions.txt	- took several methods out of the native PlayerPawn implementation, either by scriptification or mov
3314a1efe55a474c2d3872af69dde3f8847d7183	2019-01-03	src/d_player.h,src/namedef.h,src/p_mobj.cpp,src/p_user.cpp,src/scripting/thingdef_properties.cpp	-	- scriptified the remaining PlayerPawn methods.
9521b6cd1fa13b00ab4069816d2e38cade785131	2019-01-03	src/actor.h,src/b_think.cpp,src/c_dispatch.cpp,src/c_dispatch.h,src/d_dehacked.cpp,src/d_net.cpp,src/d_player.h,src/dobject.cpp,src/fragglescript/t_func.cpp,src/g_game.cpp,src/g_inventory/a_weapons.cpp,src/g_inventory/a_weapons.h,src/g_level.cpp,src/g_shared/a_action.cpp,src/g_shared/a_dynlight.cpp,src/g_statusbar/sbar_mugshot.cpp,src/intermission/intermission.cpp,src/m_cheat.cpp,src/p_acs.cpp,src/p_interaction.cpp,src/p_local.h,src/p_mobj.cpp,src/p_pspr.cpp,src/p_teleport.cpp,src/p_user.cpp,src/r_data/r_translate.cpp,src/r_data/sprites.cpp,src/s_advsound.cpp,src/scripting/thingdef.h,src/scripting/thingdef_data.cpp,src/scripting/thingdef_properties.cpp,src/scripting/vmthunks.cpp,src/scripting/vmthunks_actors.cpp,src/v_blend.cpp	-	- removed all remaining native parts of APlayerPawn.
86551e53df40be2e850e6f1024a1e49a1794378c	2019-01-05	src/version.h	-	- bumped savegame version because the recent scriptification of APlayerPawn will render all old save
cc5bff6c9c3e16a9bad6d8dc3f362248596934d8	2019-06-16	src/g_level.cpp	-	- exported unconditional level exit to ZScript
21a74dfb1370e86d32b438d69286bccb549f880b	2019-11-12	src/maploader/postprocessor.cpp	-	- new zscript function 'SetLineVertexes(line, v1, v2)' - scriptify 'FlipLine' completely using new f
928c738e19b64a1acb84af0bb72ad8c89090515b	2020-06-07	src/playsim/actor.h,src/playsim/actorinlines.h	-	make various getter and pure-math methods clearscope, and where applicable, const
ae28eeae94384dfebbe93c45ed95921c15fccd1f	2024-05-26	src/playsim/p_mobj.cpp	-	Scriptified the view squatting.
31cd741cb052d01dbcf3796c20e49e8aee35d35d	2025-05-06	src/g_statusbar/sbar.h,src/g_statusbar/shared_sbar.cpp,src/scripting/vmthunks.cpp	-	Scriptified DBaseStatusBar::Draw
706d1b6978cb579ff73410cf2181a32c5018dc7f	2025-05-21	src/common/2d/v_draw.cpp,src/common/scripting/interface/stringformat.cpp,src/ct_chat.cpp,src/d_netinfo.cpp,src/hu_scores.cpp,src/hu_stuff.h,src/scripting/vmthunks.cpp,src/wi_stuff.cpp	wadsrc/static/zscript/ui/statusbar/scoreboard.zs	Scriptified scoreboard drawing
8071fd13685553f08910058668d0581d4d3ed702	2025-06-18	src/playsim/p_interaction.cpp	-	Scriptified ReactToDamage
3d958a7e0a7ddbf33ab7ac2e00850e37b276e769	2025-10-31	src/playsim/actor.h	-	Cleanup more remnants of pre-scriptification AActor
