sha	date	category	status	zandrox_sha	note
4909aa750	2014-03-28	menu	ported	d2e4479	Use more portable hqx code from googlecode hqx
8f97e96af	2014-03-28	lighting	ported	d2e4479	silence a noisy warning
7261af1d9	2014-04-02	other	ported	d2e4479	Don't define HQX_API to anything on Windows
0aba6e09f	2014-04-03	other	ported	d2e4479	Disambiguate which abs type we want.
47406a340	2014-04-03	other	ported	d2e4479	- I don't think it's a good idea to put a 64 MB lookup table into the static data segment, if it's for a piece of code most people will never use...
69af73d9b	2014-04-06	shader	ported	d2e4479	- alternative configuration using GLEW to get extension functions. This requires GL 2.0, though so it won't be promoted to the mainline for the time being. - removed all pre GL 2.0 support.
94b06900c	2014-04-15	texture	ported	d2e4479	- got rid of a lot of stuff that's no longer required with GLEW. - replaced GLUs texture scaling with our own function. This is only used to scale down textures larger than what the hardware can handle so we do not need a dependency to an essentially deprecated library for it.
314225f1b	2014-05-01	build	ported	d2e4479	- don't depend on stdint.h because older MSVC versions do not have it.
1d4ea9f16	2014-05-08	build	ported	d2e4479	- removed the __asm nop breakpoints for debugging. They not only do not work on non-MSVC but also not on 64 bit.
64d991b9b	2014-05-10	system	ported	d2e4479	Merge branch 'master' into Glew_Version_For_Real
b09405a8b	2014-05-10	shader	ported	bdfcbae	- changed rendering of glowing walls so that it doesn't require an additional vertex attribute, just pass the floor and ceiling planes as uniforms.
7d3beb665	2014-05-10	models	ported	2d43731	- rewrote vertex buffer code to require GL_ARB_BUFFER_STORAGE extension.
f7404d20f	2014-05-11	renderer	ported	2d43731	- add vertex buffer based drawing for all walls and flats.
a42cde083	2014-05-11	system	ported	a22c786	- removed #include of glxew.h because it's not used. - removed some unused functions from gl_interface.cpp which were causing problems when compiling on Linux.
92b981446	2014-05-11	system	ported	a22c786	Merge branch 'master' into Glew_Version_For_Real
09f407143	2014-05-11	shader	ported	a22c786	Ok, it had to be done: Removed shader support for pre GLSL 1.3/GL 3.0 hardware. The compromises needed to accomodate these are just too bad and would block any attempt at streamlining the code.
cd6d653b5	2014-05-11	bugfix	ported	10bf831	- fixed: the delayed state changer for the alpha function called glBlendFunc instead of glAlphaFunc.
5947584bf	2014-05-11	system	ported	10bf831	Merge branch 'master' into Glew_Version_For_Real
f3a9cb0cf	2014-05-11	texture	ported	10bf831	remove special texture creation for fullscreen colormaps.
53f4cd010	2014-05-11	shader	ported	10bf831	- added objectcolor uniform. This will be used to hold the thingcolor for shader based rendering.
52056a05b	2014-05-11	shader	ported	10bf831	- changed handling of DynLight in shader to serve as a global dynamic light color for all lighting modes.
8ae97bc3e	2014-05-11	lighting	ported	10bf831	-looks like we still need this...
607be91c4	2014-05-11	lighting	ported	10bf831	- bad copy.
7793bbbcc	2014-05-11	shader	ported	1549081	Further cleanup of lighting code.
887d35d55	2014-05-11	texture	ported	1549081	- remove colormap from texture generation parameters. The one remaining special case, alpha texture on old hardware is now handled by the currently set texture mode at the time of use. - use the cleaned up decal lighting code from the first GLEW branch.
978ace241	2014-05-11	texture	ported	2b630d6	- removed all code that mixes together the different lighting methods. Now everything goes through the 3 different light parameters in the render state. - removed cm parameter from many functions.
c47c7421a	2014-05-11	shader	ported	2b630d6	- route all glColor calls through render state. - add sector links to dynamic lights.
506798f13	2014-05-11	shader	ported	79bf886	allow brightmaps and fullbright objects in fog. The reasons why they were disabled no longer exist.
b9a6fe80a	2014-05-11	shader	ported	79bf886	Do not use the shader to handle STYLEF_RedIsAlpha.
98cc7eeb9	2014-05-12	lighting	ported	79bf886	pass softlightlevel through render state.
4d005bdfa	2014-05-12	shader	ported	38db2dc	shader rework
55d4c8975	2014-05-12	lighting	ported	38db2dc	- fixed: fog density calculation for fixed function was not correct.
9c659b948	2014-05-12	texture	ported	38db2dc	- reactivated texture warping.
b514a815f	2014-05-12	dynlights	ported	38db2dc	- enable use of vertex buffer for sprite rendering.
cf45f2d71	2014-05-12	shader	ported	38db2dc	- added missing shader files.
579eff5b9	2014-05-12	sprites	ported	a9b178e	- add vertex buffer based rendering for decals.
60f0ab5f1	2014-05-13	build	ported	a9b178e	- fixed Linux warning with type cast.
03d4f23a6	2014-05-15	texture	ported	a9b178e	- made adjustments to the texture loading code to account for the recent changes to handle long texture names.
6e6be8ed5	2014-05-18	system	ported	a9b178e	Merge branch 'master' into Glew_Version_For_Real
23fbd6996	2014-05-20	renderer	ported	a9b178e	- 4 more places where immediate mode drawing has been substituted with a buffer-based alternative.
09ba62fbe	2014-05-20	sprites	ported	a9b178e	- put all the common part of buffer based drawing into a separate method of the vertex buffer.
f5ea31b51	2014-05-21	renderer	ported	a9b178e	- use vertex buffer for all the common 2D rendering functions.
0cf37f2e5	2014-05-21	shader	ported	a9b178e	- fixed problem with selecting special shaders.
54425ee2e	2014-05-21	shader	ported	a9b178e	- fixed: Desaturation factor was applied incorrectly. - Also fixed some very strange thing in the shader's desaturate function. For unknown reasons using the 'mix' function there did not work. - fixed: The fog boundary special shader could not be used.
39775cc90	2014-05-21	shader	ported	a9b178e	- mystery of desaturation shader solved: The old code passed '1-desaturation' to the shader, the new code 'desaturation', so for the 'mix' function to work its arguments must be swapped.
e813ddf25	2014-05-24	texture	ported	a9b178e	- fixed bad comparison.
a1ec6ab1b	2014-05-24	shader	ported	a9b178e	- fixed some Linux warnings.
c39318f40	2014-05-31	models	ported	20653ed	- use vertex buffer and reuse of data for stencil drawing. A stencil needs to be drawn multiple times with the same polygons so this is a good place to optimize.
d925279be	2014-06-01	texture	ported	20653ed	- fixed texture name handling in GL related texture classes for recent changes in ZDoom to eliminate the 8 character name limit.
a26fbc74f	2014-06-01	shader	ported	20653ed	Fix compilation errors in latest texture-related changes
2ad47935e	2014-06-01	system	ported	20653ed	Merge branch 'master' into Glew_Version_For_Real
8d9a90cd2	2014-06-14	models	ported	20653ed	- rewrote sky dome rendering to use a static vertex buffer if not on OpenGL 2.x.
5e22c82e7	2014-06-14	sky	ported	20653ed	- use buffer for rendering the sky on all GL versions since the differences for making GL2.0 work are rather small.
0ce6b4067	2014-06-14	sky	ported	20653ed	- fixed compile error in gl_skydome.cpp - disable GL_ARB_buffer_storage when a -glversion parameter less than 4.0 is given. According to the spec this extension requires 4.0 so if emulating something lower it should not be used.
5b302ed3a	2014-06-14	sprites	ported	479e375	- added benchmarking calls for glDrawArrays to see how well issunig draw calls performs on different hardware.
3644073bb	2014-06-15	sprites	ported	479e375	- use a software buffer for immediate mode rendering. This allows using the regular buffer code to collect data for both render modes and allows removal of a lot of duplicated code.
1b91a8f88	2014-06-15	portal	ported	479e375	- removed old immediate mode path for generating stencils.
2abf1644a	2014-06-15	bugfix	ported	479e375	- fixed: Plane height changes only updated the first buffered vertex for the respective plane.
6b038a5da	2014-06-15	portal	ported	a3d1fdf	- fixed: GLPortal::DrawPortalStencil must apply the render state before drawing anything.
ea332383a	2014-06-15	sky	ported	a3d1fdf	- convert skybox rendering to use the buffer interface.
1aaa1b7ba	2014-06-15	shader	ported	a3d1fdf	- removed gl_usevbo CVAR because with recent code changes it has become useless. If GL_ARB_buffer_storage is present, buffers will always be used.
e6f14b055	2014-06-15	dynlights	ported	a3d1fdf	- use buffer based rendering for dynamic light pass and horizon portals.
965a2a2d7	2014-06-15	models	ported	7233538	definition for model vertex buffer.
59522f706	2014-06-19	models	ported	7233538	- simplified MD2 drawing code as preparation for a buffer based implementation.
03916d75d	2014-06-19	models	ported	7233538	- cleaned up MD3 rendering and merged RenderFrame and RenderFrameInterpolated into one function.
412d6499d	2014-06-19	models	ported	7233538	- removed the voxel vertex buffer because it needs to be gone before implementing a model vertex buffer.
3e9b9c280	2014-06-19	models	ported	7233538	- initialize model data at engine start, not at level start.
594489413	2014-06-19	models	ported	7233538	- create vertex buffer data for MD2/DMD models.
ca76c2525	2014-06-19	models	ported	7233538	- more vertex buffer stuff for models, still not tested.
d5dceb687	2014-06-21	texture	ported	7233538	- changed alpha texture handling to avoid using the deprecated GL_ALPHA8 texture format unless we have a compatibility context of an older GL version.
2925c96b5	2014-06-21	shader	adapted	4dec01f	GL 2.x path removed; our white-zenith FF shim retired with it and RFL flags re-bit.
1f0c69a0e	2014-06-21	shader	ported	4dec01f	- some cleanup after GL 2.x code removal - reinstated burn warp with shader based code.
e2e71e072	2014-06-23	shader	ported	4dec01f	removed error suppression code from shader compilation.
ffcb6cb70	2014-06-29	shader	ported	4dec01f	- added second vertex coordinate attribute for model interpolation.
9d1dbf4ea	2014-06-29	shader	ported	4dec01f	- fixed: FBufferedUniform1f didn'T work because it used an int as its buffered value.
1efc2938b	2014-06-29	shader	ported	4dec01f	- implement model vertex buffer and draw MD2 models using it instead of using the GLCommands from the model.
9c5cec005	2014-06-30	other	ported	4dec01f	- draw wipes with buffers
54297acde	2014-06-30	dynlights	ported	4dec01f	- removed obsolete gl_lightbuffer code.
6efefd9b7	2014-06-30	models	ported	4dec01f	- use vertex buffer to render MD3 models.
f71051890	2014-06-30	shader	ported	4dec01f	- use a uniform array to store vertex data to render dynamic stuff on GL 3.x hardware without the ARB_buffer_storage extension.
5ee626459	2014-06-30	models	ported	4dec01f	- use model vertex buffer to render voxels.
9a6bc6438	2014-07-01	models	ported	4dec01f	- use vertex array objects to manage vertex buffers.
92185f96e	2014-07-01	shader	ported	4dec01f	- fixed overflow with storing a sprite's dynamic light color in a PalEntry.
a936629ce	2014-07-10	shader	ported	7327ca6	- use default fragment shader for burn and stencil shader, with the time consuming parts disabled by a #define, to avoid code duplication.
7cbffc7c1	2014-07-10	shader	ported	7327ca6	- test code removal.
d868f60f6	2014-07-13	shader	ported	7327ca6	- since the clip planes for plane mirrors did not work anymore I reimplemented them using shader based logic. It still needs to be seen if this affects performance on older hardware.
60dc2e112	2014-07-13	shader	ported	7327ca6	- some shader fixes.
00fcf4bc0	2014-07-13	shader	ported	7327ca6	- for some reason using world coordinates for clipping in the shader is somewhat imprecise so the clip plane heights have to be adjusted a bit for it.
9230a20f1	2014-07-13	portal	ported	7327ca6	- added some checks to the wall rendering code that will allow to disable the clip planes in many cases, even when a plane mirror portal is active. This also solves the precision issue with using world coordinates for clip checks.
dbb05c5f3	2014-07-13	shader	ported	7327ca6	- remove use of builtin texture matrices. - make matrix class single precision.
2214c0ac0	2014-07-13	models	ported	7327ca6	- remove all uses of builtin matrix manipulation. Only glLoadMatrix for view and projection matrix are left.
ce3653f6e	2014-07-13	shader	ported	7327ca6	- remove all uses of builtin matrices.
150135a07	2014-07-13	renderer	ported	7327ca6	- reinstate drawcall timing.
1f2f7616e	2014-07-14	renderer	ported	f72a9a6	- remove timing of matrix application method
ed5ee4e8d	2014-07-14	texture	ported	f72a9a6	- removed some obsolete init stuff and some deprecated constants.
84a49e37e	2014-07-14	shader	ported	f72a9a6	- handle normals for spheremapped mirror surfaces using non-deprecated features. - move all WGL references out of global header files so that global wgl header include is no longer necessary
ed8a21fd8	2014-07-14	shader	ported	f72a9a6	- replaced deprecated alpha testing with shader code.
5193f6cfe	2014-07-15	shader	ported	f72a9a6	- remove use of builtin deprecated varyings in shaders.
5a322742c	2014-07-15	shader	ported	f72a9a6	- remove use of builtin and deprecated color vertex attribute.
1b7f5a2e6	2014-07-15	shader	ported	f72a9a6	- replaced builtin texture coordinate vertex attribute.
eedc5a69b	2014-07-15	shader	ported	f72a9a6	- replaced builtin position vertex attribute.
6046b11b4	2014-07-15	shader	ported	f72a9a6	- all shaders now compile in core profile.
fc0cf4f99	2014-07-15	shader	adapted	f72a9a6	THE SUMMIT: core profile; glewInit-before-CollectExtensions + texture2D alias for Apple.
fb6b4238e	2014-07-15	shader	ported	bc5384a	- fixed: glProgramUniform is only present from GL 4.1 or a specific extension so it may not be used on systems not supporting it.
b8bcbe819	2014-07-15	shader	ported	bc5384a	- removed texture based dynamic lighting. For GL 3.x the shader approach is always better. - fixed: sky fog was not unset.
6b9d6787d	2014-07-15	models	ported	bc5384a	- move models into their own draw list to avoid frequent buffer changes. - same for SKYHACK walls. Although rare, they would get in the way of optimizing the draw calls if not being separated out.
eb9d2d991	2014-07-17	shader	ported	bc5384a	- reactivate compatibility profile so that immediate mode drawing can be used on older hardware not supporting persistently mapped buffers. - reactivate alpha testing per fixed function pipeline - use the 'modern' way to define clip planes (GL_CLIP_DISTANCE). This is far more portable than the old glClipPlane method and a lot more robust than checking this in the fragment shader.
e0b756e51	2014-07-17	models	ported	bc5384a	- fixed: The cubemapped skybox renderer did not set up the model matrix properly.
6c9a81822	2014-07-26	renderer	ported	bc5384a	- allow different render modes if persistent buffers are not available (untested!)
637aa9d77	2014-07-26	menu	ported	bc5384a	- some adjustments to allow testing the different rendering methods.
bdf5bbd34	2014-07-26	shader	ported	bc5384a	- make the shader timer part of the render state.
7ae25906f	2014-07-26	lighting	ported	bc5384a	- fixed: fog must be disabled before drawing the HUD model, not after it.
e07d06fa2	2014-07-26	system	ported	bc5384a	Merge branch 'master' into Glew_Version_For_Real
77d9d9b2a	2014-07-27	shader	ported	bc5384a	- fixed: For updating the model VAO's attribute pointers it is necessary to first bind the vertex buffer we need to refer to, because this is not part of the VAO's state.
c1d8f235c	2014-07-27	renderer	ported	bc5384a	- renamed some stuff that clashed with gl function names.
97341fcb3	2014-07-27	system	ported	bc5384a	- reenabled the flat vertex buffer for GL 3.x NVidia hardware. On AMD and Intel it'll stay off because past tests have shown that it won't improve performance at all.
4904abfc1	2014-07-27	system	ported	bc5384a	- forgot test stuff.
754c96a54	2014-07-27	shader	ported	bc5384a	- added default precision settings to shader include because some old ATI drivers complain if they aren't there - even though the spec doesn't require them...
925305aa0	2014-07-27	menu	ported	bc5384a	- fixed: The code for updating vertex dirty state had been completely missing. I have no idea when it disappeared...
29a56fe01	2014-07-27	system	ported	bc5384a	Merge branch 'master' into Glew_Version_For_Real
3d24f58bf	2014-07-27	system	ported	bc5384a	- fixed conditions for disabling the flat vertex buffer.
c9c93a58a	2014-07-27	bugfix	ported	bc5384a	- fixed bad constant and potential use of uninitialized variable.
ece10bb57	2014-07-27	models	ported	bc5384a	- fixed several incorrect uses of abs instead of fabs.
192daf1d5	2014-07-27	system	ported	bc5384a	Merge branch 'master' into Glew_Version_For_Real
318aebc4a	2014-07-28	bugfix	ported	bc5384a	- fixed: the vertex collection code used incorrect indices for checking the checkmap array.
beabfad29	2014-07-28	system	ported	bc5384a	Merge branch 'master' into Glew_Version_For_Real
ef8f66c9a	2014-07-30	shader	ported	bc5384a	- removed the code for hardware alpha testing again because it didn't work anymore with how things are set up now. - we need to check all GL versions when trying to get a context because some drivers only give us the version we request, leaving out newer features that are not exposed via extension. - added some status info about uniform blocks.
1ec58011d	2014-07-31	shader	adapted	bc5384a	Light buffer start; clang int->float narrowing cast added to parmcnt initializer.
7967082e6	2014-08-01	shader	adapted	bc5384a	Light buffer landed; UBO extension pragma dropped on core profiles (Apple rejects it).
a8e9c1832	2014-08-01	shader	adapted	930ff9e	Beta GL4.4-only entry gate NOT taken -- stable restores the 3.3 floor we keep.
b2860a1d6	2014-08-02	shader	adapted	930ff9e	glProgramUniform abandoned (broken Intel); matrices bind-and-set instead.
e35fefdc0	2014-08-02	shader	ported	930ff9e	- better rebind the active shader after updating the matrices.
a97b58fa2	2014-08-02	dynlights	ported	930ff9e	- added check for light uniform buffer overflows, because uniform buffers on Intel are rather small.
a63871d17	2014-08-02	shader	ported	930ff9e	- at least for Intel GMA we need shaders without 'discard' to render non-transparent stuff. The performance penalty is rather hefty here.
398d902e7	2014-08-03	sprites	ported	930ff9e	- split off sprite clipping adjustment code into its own function.
b3e0d9338	2014-08-03	sprites	ported	930ff9e	- implemented rendering of wall sprites.
c98e3ca99	2014-08-03	other	ported	930ff9e	Merge branch 'master' into v2.x
19cfffebb	2014-08-03	bugfix	ported	930ff9e	- fixed: the WallTypes enum contained a value that no longer was valid. This was fixed orignally last week but it seems to have gotten lost.
09a68e8c9	2014-08-03	shader	ported	930ff9e	- fixed incorrect function call in shader compiler.
b9ffb51d0	2014-08-04	renderer	ported	930ff9e	- small but important optimization: Two-sided lines with both sides in the same sector don't really require vertex splitting for precise rendering.
38796e771	2014-08-17	renderer	ported	930ff9e	- removed some obsolete and useless GL calls.
00d7707ae	2014-08-19	dynlights	ported	930ff9e	- allow reallocation of light buffer if more lights are needed. - added a light preprocessing pass to the renderer so that a non-persistent buffer can be used with minimal mapping/unmapping. This only gets used if necessary because it adds some overhead to the renderer.
a2dc4afe3	2014-08-19	dynlights	ported	930ff9e	- screwed by the editor's autocompletion... (wrong GL flag was used...)
86d37e06f	2014-08-19	system	adapted	930ff9e	Floor set to GL 3.3; core profile keeps 330 shaders while compat may run 130.
6f65bccf1	2014-08-20	other	skipped	39fea74	MSVC x86 inline-asm HQnX; portable C++ path is identical and arm64 cannot build it.
e132fc5ee	2014-08-21	system	skipped	39fea74	GLEW -> GLLoadGen loader swap NOT taken; our GLEW loader stays (same class as SDL2 keep).
274a4216e	2014-08-21	system	skipped	39fea74	GLLoadGen inlining follow-up; moot without the loader swap.
105001301	2014-08-22	texture	adapted	39fea74	Texture keystone taken from image with [BB]/[rc4l] grafts; fixed64 (int) casts restored.
bf6079af4	2014-08-23	shader	ported	39fea74	- fixed incorrect check for overrideshader.
904cc2e15	2014-08-23	other	ported	39fea74	- some code cleanup.
bf03d0222	2014-08-24	system	ported	39fea74	- print OpenGL profile type in startup log.
a903cbe12	2014-08-24	renderer	ported	39fea74	- sorting draw items by light level no longer makes sense so remove all corresponding code from dicmp.
49ec7beb8	2014-08-30	texture	ported	39fea74	- separate draw lists for walls and flats. This makes the sorting much more efficient because draw types no longer need to be checked in the compare function. This is a lot more important than having perfect texture order.
6a3cd6378	2014-08-30	renderer	ported	39fea74	- found out that reading the CPU's real time clock costs a not insignificant amount of time so this is now only done when either the benchmark command is running or the rendertimes are shown.
12160bd29	2014-08-30	texture	ported	39fea74	- remove some obsolete code from decal rendering. - avoid rebinding the same texture multiple times, as there's considerable overhead in the texture manager. - check gl_sort_textures only once per scene, not per draw list.
a280c20b4	2014-08-31	texture	ported	39fea74	- fixed: If we want to cache texture binding state we have to reset it in all places where a texture becomes unbound.
fa3a62e95	2014-08-31	bugfix	ported	39fea74	- fix a render glitch with Back to Saturn X MAP06: Do not flood missing upper and lower textures with the backsector's flat if that backsector is malformed (i.e. has no area.)
b96dd6c42	2014-09-02	shader	ported	39fea74	- fixed: The missing fourth component of the texture coordinate must be filled with 1.0, not 0.0 before applying the texture matrix. Not doing so will cancel out the translation part of the matrix.
e29fce695	2014-09-07	texture	ported	39fea74	Fixed missing transparency on upscaled textures
86d9c7ec8	2014-09-09	texture	ported	39fea74	- add some compatibility settings to fix rendering glitches in BTSX_E1 MAP12.
9b8869e78	2014-09-09	other	ported	39fea74	Merge branch 'master' into v2.x
62880f113	2014-09-09	bugfix	ported	39fea74	- fix a render glitch with Back to Saturn X MAP06: Do not flood missing upper and lower textures with the backsector's flat if that backsector is malformed (i.e. has no area.)
c6f4c0b6f	2014-09-09	shader	ported	39fea74	- fixed: FMaterial's tex pointer could be accessed before it was set. - allow more than two texture units in shaders.
d5633701b	2014-09-09	shader	ported	39fea74	- swapped order of textures in burn shader to avoid some problems with the texture samplers. - fixed: texture sampler state for the burn texture was never set.
4bb320a27	2014-09-09	texture	ported	39fea74	- route texture binding through the renderstate class for better control. Currently it's just a direct passthrough but this will change.
acf6c259d	2014-09-09	shader	ported	39fea74	- changed the handling of alpha textures. The only special case they need is with palette-less textures and this can be handled far more easily and robustly with a predefined translation instead of passing another parameter through all the layers of the texture management code. This also fixes problems with paletted PNGs that get used as an alpha texture because the old method clobbered the image's palette.
25951362f	2014-09-11	portal	ported	39fea74	- fixed: When applying Boom's Transfer_Heights effect to a sector, gl_FakeFlat needs to remove all portals from the original sector planes that are being replaced in the sector copy.
3c2f1952f	2014-09-12	other	ported	39fea74	Merge branch 'master' into v2.x
ddf58b43c	2014-09-14	texture	ported	39fea74	Fix compile errors on linux.
1a70a6aab	2014-09-14	shader	ported	39fea74	The light buffer should check for shader_storage_buffer_object rather than buffer_storage.
cfc8f3dbb	2014-09-14	system	ported	39fea74	Global GL render context shouldn't be initialized inside of gl_PrintStartupLog, since it's not compiled in non MSC builds.
5cc43137a	2014-09-14	shader	ported	39fea74	Only require OpenGL 3.0 compatibility profile.
32f08adaf	2014-09-14	texture	ported	66abdae	- moved some code to better places. - allow GL version 3.0 in Windows, too.
8e7e16f73	2014-09-15	dynlights	ported	66abdae	- fixed: The light uniform buffer may not be mapped with GL_MAP_INVALIDATE_BUFFER_BIT, because it needs to be mapped for each portal in a scene but it must preserve the existing data for the remaining translucent objects.
a25ed3c80	2014-09-15	sprites	ported	66abdae	- fixed: inverted rendering for fuzzy things with light powerup was switched off due to change of render style.
c773a500f	2014-09-17	shader	ported	66abdae	- only activate shader storage buffers on modern drivers also supporting GL_ARB_buffer storage. Early adopters of this extension (i.e. older AMD drivers mainly) tend to implement this badly.
c5e00dbc5	2014-09-17	texture	ported	66abdae	fixed: The sampler object for camera textures was never initialized.
92dcf2e5e	2014-09-17	dynlights	ported	66abdae	- fixed some of those supremely annoying and supremely pointless GCC/Clang compiler warnings.
43e2d704a	2014-09-20	dynlights	ported	66abdae	- always use glPolygonOffset to render translucent geometry.
835dbe5bd	2014-09-20	shader	ported	66abdae	- removed the 'layout' qualifier from the uniform buffer declaration. It's not really needed because the layout of a single vec4 array cannot possibly change, and Intel drivers are complaining for unknown reasons.
da87a34a6	2014-09-21	models	ported	66abdae	- fixed: MODELDEF's FrameIndex command was case sensitive.
468273658	2014-09-21	shader	ported	66abdae	- fixed: non-tiled mid textures on a fog boundary require some special clamping to be performed in the shader.
7359631a4	2014-09-21	hud	ported	66abdae	- fixed weapon drawing rules to account for the death camera.
b2cf7d651	2014-09-21	dynlights	ported	66abdae	- fixed memory leak: The sector links for dynamic lights were never freed.
48da2f87b	2014-09-21	texture	ported	66abdae	- fixed: The light buffer index must not be reset between rendering a camera texture and the main scene.
fd3128a16	2014-10-05	shader	ported	66abdae	- fixed: When changing enhanced nightvision mode the shaders need to have their fixed colormap state reset to ensure that the new settings get used. - fixed: The shader code for handling special fixed colormaps did not use the color vertex attribute which was most evident with the 'shadow' render style on the spectre.
ead8a2874	2014-10-05	texture	ported	66abdae	- fixed: The texture mode implied by render style did not work for models.
3e2a17538	2014-10-06	dynlights	ported	66abdae	- fixed: HUD weapons were affected by dynamic lights even when the CVARs said that they shouldn't.
5d032f3fc	2014-10-06	hud	ported	66abdae	- fixed: Since the engine can no longer change renderers on the fly, thanks to ZDoom's messed up video startup code, we have to abort with a fatal error if we can't create a GL context. Otherwise the user will never see a meaningful message.
9f1f17c30	2014-10-14	bugfix	ported	66abdae	- fixed: The PolyBSPs weren't fully initialized. Some GZDoom-only fields in the segs were skipped.
89ce0b8cb	2014-10-22	shader	adapted	66abdae	GLSL 1.4 UBO header path is compat-only; our core branch stays 330.
5302a10a7	2014-10-23	other	ported	66abdae	- diable software lighting for textured automap.
618c23303	2014-10-23	shader	ported	66abdae	- fixed: The interpolation factor for models was never passed to the shader.
066e53ae4	2014-10-23	dynlights	ported	66abdae	- fixed: sprites rendered as 'bright' should not be affected by dynamic lights.
36b35e85f	2014-10-23	dynlights	ported	66abdae	- fixed: overflow checks for dynamic light buffer were not correct.
bca47bb9b	2014-10-23	dynlights	ported	66abdae	- removed debug code. - fixed: planes that are created by splitting translucent 3D-floors may never be rendered.
e5cd90f32	2014-10-24	models	ported	66abdae	- use separate vertex buffers per model to avoid large memory usage peaks. Also delete the geometry data for the models once it has been copied into the vertex buffer.
f8016bef8	2014-10-24	models	ported	66abdae	- fixed: voxels didn't set their index count.
5a91fd0ad	2014-10-24	models	ported	66abdae	- fixed: DMD models didn't load their triangle data. - fixed: MD2 models didn't handle the triangles' byte order.
3c7664a46	2014-10-26	texture	ported	66abdae	- we don't really need a bBrightmap in a texture. All it did was duplicate some functionality of bMasked. - renamed bBrightmapDisablesFullbright flag.
3e50db9bf	2014-10-26	sprites	ported	66abdae	- fixed: When setting the object color for a shaded decal, the alpha channel must be forced to be 255. The decal's AlphaColor contains the palette index in those bits.
5638aab63	2014-10-26	shader	ported	66abdae	- fixed: Even though the name REDISALPHA implies otherwise, this render mode still needs to respect a texture's alpha channel to ensure that things get rendered properly. Otherwise the SmoothEdges function cannot be used which is necessary to ensure that filtered textures look correct.
b0a6c94fa	2014-11-09	shader	ported	66abdae	- fixed: the translucency flag for the flags renderer was inconsistent between the light pass and the render pass on GL 3.x hardware, resulting in bad buffer indices being sent to the shader.
a7f418598	2014-11-16	renderer	ported	66abdae	- now that we don't have to care anymore about SVN-related merging problems, let's save the 3 global variables of the GL renderer unconditionally, even if the software renderer is running.
60d78bcdf	2014-11-27	other	deferred	66abdae	HQnX via MMX/SSE2 intrinsics; x86-only speedup, arm64 needs a NEON twin -- see #40.
99d81621f	2014-11-27	bugfix	ported	66abdae	- fixed: The 'copied' information of a 3D floor plane should only apply to that particular plane, but never the opposite one of the same 3D floor.
eb753a0b7	2014-11-27	bugfix	ported	66abdae	- fixed: We also should use the proper 'copied' info for the non-inverted planes.
ec627d94d	2014-11-27	sky	ported	66abdae	- fixed: The depth clamp setting needs to be tracked per portal so that it can be properly restored afterward.
020b02e07	2014-11-28	shader	ported	66abdae	- changed deprecated texture sampler access function names.
717c82ee4	2014-12-01	shader	ported	66abdae	- On Intel, we have to disable shader storage buffers because their complier contains a bug disallowing unsized arrays.
0bc2c0094	2014-12-19	texture	ported	66abdae	- fixed: For cubemapped skies with one texture for all 4 sides the texture was never set before rendering.
ffa069205	2014-12-25	sprites	ported	66abdae	- fixed: For fullbright sprites, a weapon's extra light must be ignored because it can be negative.
c66a21120	2014-12-25	sky	ported	66abdae	- fixed: The sky renderer must not only alter the light mode but also reset the software light level to a 'disabled' value.
fbfe0f1e7	2014-12-26	texture	ported	66abdae	- fixed: y-clamped textures with negative scale need to shift their texture coordinates into the proper [0..1] range.
045725de1	2014-12-29	dynlights	ported	66abdae	- use strncpy instead of sprintf tp init static char array to ensure that all elements get initialized.
45cf65afb	2014-12-29	renderer	ported	66abdae	- moved the aspect ratio correction factor from the projection to the view matrix where it should have been from the start. - removed the mCameraPos variable in FGLRenderer because it was only used in one place where it is just as easy to use the global viewx/y/z variables directly.
315827015	2014-12-29	renderer	ported	66abdae	- made aspect ratio correction factor configurable through MAPINFO.
e6d59ec42	2014-12-31	bugfix	ported	66abdae	- fixed: with aspect ratio compensation in the view matrix it is necessary to adjust the view pitch for this because the playsim does not know anything about pixel ratio.
4f08b20df	2014-12-31	models	ported	66abdae	- consider pixel stretching when rendering models. For non-voxels an aspect ratio of 1:1 must always be assumed while voxels need to be stretched so that 1 voxel unit == 1 map unit.
a8398e70b	2014-12-31	lighting	ported	66abdae	- fixed: The brightfog flag in the GL related map settings was never initialized. - fixed: brightfog should not disable colored lighting for the weapon sprite.
d4d041d5f	2015-01-08	texture	ported	66abdae	- fixed: FMaterial::ValidateTexture must determine whether to expand sprites before actually constructing the FMaterial object.
a578ff5d0	2015-01-24	dynlights	ported	66abdae	- fixed a problem with some older AMD drivers: Normally calling glBindBufferBase should imply a call to glBindBuffer, but on these drivers it was never done, which resulted in the light uniform buffer never being created...
8a9692c29	2015-02-10	texture	ported	66abdae	- fixed: The code which decided whether to clamp two sided middle textures used the texture size instead of the render size for the specific linedef, meaning that any per-sidedef scaling was ignored.
00639121c	2015-02-10	renderer	ported	66abdae	- added the missed parts of camera roll in gl_scene.cpp.
a5a53c51e	2015-02-10	bugfix	ported	66abdae	- fixed: The flat drawing code assumed that the first element of the light list originated from the sector itself. This had been true formerly but in some situations it no longer is.
fad3a5410	2015-03-15	sky	ported	66abdae	- fixed positioning for sky textures that are less than 128 pixels tall.
7701d54b1	2015-03-15	dynlights	ported	66abdae	- fixed: associated dynamic lights took the sprite/frame info from the actor's current state instead of from the actor's current sprite and frame, which may differ in case some placeholder sprite is used in the state.
1e9a6e667	2015-04-01	texture	ported	66abdae	- GL code adjustments for reworked precaching.
48e21f675	2015-04-01	sky	ported	66abdae	- consider MBF sky transfers when checking for skybox precaching.
67334bfa2	2015-04-04	texture	ported	66abdae	- calculate weapon positions fully in floating point to avoid roundoff errors. - In order to get reliable results the empty border around scaled sprites must be the same scale as the sprite (i.e. 2 pixels for 2x scale and 4 pixels for 4x scale.)
91eafed5d	2015-04-04	texture	ported	66abdae	- fixed coordinate calculations for trimmed sprites which were quite a bit broken.
bead3e046	2015-04-04	texture	ported	66abdae	- fixed weapon positioning again, after finding out that the first fix just worked around the actual problem: The entire coordinate calculation must be done in floating point with no integer math at all. Due to roundoff errors the stored int values needed for wall and flat placement significantly lack precision and with the high scaling factor that needs to be used for weapon HUD sprites these can easily become several pixels. After fixing this the border around sprite textures could be reverted to one pixel again. - fixed: The 'may not be expanded' state should be stored in the texture and reused later. This also needs to revalidate the material if it decides that expansion should be disallowed.
45526c276	2015-04-05	shader	ported	66abdae	- basics for using hardware clip planes to split translucent stuff by 3D floor planes.
cf7cb4f00	2015-04-05	sprites	ported	66abdae	- use hardware clip planes to split translucent walls and sprites by 3D floor planes.
b45c88fc4	2015-04-05	shader	ported	66abdae	- changed shaders.
feeebf526	2015-04-12	models	ported	66abdae	- rework MD2 code for reloading/precaching of geometry data.
052dda0fd	2015-04-12	models	ported	66abdae	- made MD3 models reloadable.
df6ffe641	2015-04-16	other	adapted	66abdae	FSectorTagIterator conversion skipped (ZDoom-master infra we lack); GL hunks landed.
baa775b31	2015-04-24	lighting	ported	66abdae	- fixed: Light level must be clamped before accessing the distfogtable.
f273b6c46	2015-04-27	system	ported	66abdae	- fix uninitialized variable.
a59824cd8	2015-05-07	models	ported	66abdae	- fixed: MD2 vertex indices were signed shorts but should be unsigned. - fixed a few warnings from Visual C++ 2015.
065b7f9ad	2015-05-29	bugfix	ported	66abdae	- fixed: The CollectSectorStack functions had a local sector_t variable used by gl_FakeFlat which caused a stack overflow. Using the global one defined at the top of the file is ok here.
abf11f1a1	2015-07-13	texture	ported	66abdae	- print an error message if GL_ARB_sampler_objects cannot be found.
694dff67e	2015-10-26	other	ported	edc9eb4	Stereo3D framework from GLOOME; modular (10 self-contained files), mono default renders identically.
0874455fa	2015-10-30	portal	ported	edc9eb4	Stereo3D framework from GLOOME; modular (10 self-contained files), mono default renders identically.
b82d61193	2015-10-30	portal	ported	edc9eb4	Stereo3D framework from GLOOME; modular (10 self-contained files), mono default renders identically.
89328e685	2015-10-30	portal	ported	edc9eb4	Stereo3D framework from GLOOME; modular (10 self-contained files), mono default renders identically.
789dca2ab	2015-10-31	renderer	ported	edc9eb4	Stereo3D framework from GLOOME; modular (10 self-contained files), mono default renders identically.
382d2cf74	2015-10-31	other	ported	edc9eb4	Stereo3D framework from GLOOME; modular (10 self-contained files), mono default renders identically.
16cb4407a	2015-11-03	dynlights	ported	edc9eb4	- disabled 'isVisibleToPlayerClass' check for dynamic lights affecting sprites.
151b47c3a	2015-11-03	other	skipped	—	Upstream branch merge (no content of its own); GL touch is the merge itself.
ad6ce5a72	2015-11-09	lighting	ported	edc9eb4	- added a NULL check to gl_enhanced_nightvision's handler so that it won't crash without an uninitialized GL renderer.
bcac35226	2015-11-09	other	skipped	—	Upstream branch merge (no content of its own); GL touch is the merge itself.
b00b49c11	2015-11-25	sky	ported	edc9eb4	- fixed skybox picking in GL renderer.
f9cbaef1d	2015-11-30	sky	ported	edc9eb4	- fixed: Boom's Transfer_Heights did not work for upper parts in sectors with a sky ceiling.
10088544c	2015-12-09	other	skipped	—	Upstream branch merge (no content of its own); GL touch is the merge itself.
841ddb0d6	2015-12-10	other	skipped	—	FreeBSD malloc.h->stdlib.h; irrelevant to our macOS/Windows/Linux targets.
37ea94abf	2015-12-11	dynlights	ported	edc9eb4	- fixed: translucent walls did not set up their dynamic lights in the GL4 render path.
17569139b	2015-12-11	other	skipped	—	Upstream branch merge (no content of its own); GL touch is the merge itself.
c8810db5f	2015-12-24	bugfix	ported	edc9eb4	- fixed: clipping swimmable against non-swimmable translucent 3D-floors was broken due to an incorrect flag check.
19ae244f6	2015-12-25	texture	ported	edc9eb4	- fixed: allow to use all hqNx texture upscale modes
69813993b	2015-12-25	menu	ported	edc9eb4	- added missing hqNx modes to options menu
1c5d0ccd6	2015-12-25	menu	deferred	—	hqNx MMX on all Intel platforms; x86-only SIMD, arm64 needs a NEON twin -- see #40.
f8c38a0bb	2015-12-25	build	deferred	—	hqNx MMX GCC pragma warnings; rides with the deferred x86 MMX path -- see #40.
8e237e614	2015-12-30	other	skipped	—	Upstream branch merge (no content of its own); GL touch is the merge itself.
655defed2	2015-12-30	build	ported	edc9eb4	Stereo3D framework from GLOOME; modular (10 self-contained files), mono default renders identically.
5b7f9b04c	2015-12-31	other	ported	edc9eb4	Stereo3D framework from GLOOME; modular (10 self-contained files), mono default renders identically.
95f413463	2015-12-31	renderer	ported	edc9eb4	Stereo3D framework from GLOOME; modular (10 self-contained files), mono default renders identically.
ac6e2f497	2015-12-31	renderer	ported	edc9eb4	Stereo3D framework from GLOOME; modular (10 self-contained files), mono default renders identically.
f2c890272	2016-01-01	renderer	ported	edc9eb4	Stereo3D framework from GLOOME; modular (10 self-contained files), mono default renders identically.
cc10fe9bc	2016-01-04	texture	ported	edc9eb4	Stereo3D framework from GLOOME; modular (10 self-contained files), mono default renders identically.
7d2bbbd35	2016-01-05	bugfix	skipped	—	Two-sided polyobj portal detection needs GLEEHorizonPortal (Eternity portals) -- absent; see #41.
926e9fdac	2016-01-07	bugfix	ported	368b262	- fixed: For 2D-drawing of camera textures the render style was not set.
ef7bcb3a6	2016-01-11	sky	skipped	—	Eternity flat/horizon portals; needs playsim portal infra Zandronum lacks -- see #41.
196c9bc34	2016-01-11	sky	skipped	—	Skybox type cleanup needs the SKYBOX_MAP type system -- absent; see #41.
65022b780	2016-01-11	sky	skipped	—	'copy portal to wall' linedef needs Line_SetPortal / line portals -- absent; see #41.
cd778b6bd	2016-01-13	portal	skipped	—	CollectPortalSectors fix on the stacked-sector-portal path Zandronum lacks -- see #41.
2657c0883	2016-01-13	sky	skipped	—	Stacked sector portals into the render list; portal infra absent -- see #41.
581604951	2016-01-21	dynlights	skipped	—	GL adjustments FOR ZDoom coordinate refactor (fixedvec3/InterpolatedPosition) -- absent; see #41.
685385635	2016-01-26	other	skipped	—	FGLBitmap adjustments for a ZDoom base-class change we do not have -- see #41.
3c16a2386	2016-01-27	portal	ported	368b262	- when rendering mirrors, discard subsectors lying behind them.
47db3252f	2016-01-27	shader	deferred	—	Reflective surfaces need only one clip plane; deferred with its shader pair 238990c87 to the flight-24 clip-plane rework.
238990c87	2016-01-27	shader	deferred	—	Clip-plane slot renumber; deferred to the flight-24 clip-plane rework where our diverged main.vp layout is reconciled.
d037493ff	2016-01-29	lighting	skipped	—	FF_FADEWALLS rework uses the FF_RESET 3D-floor flag -- absent from our tree; see #41.
342f1abcc	2016-01-30	dynlights	ported	368b262	- fixed: flickering dynamic lights with their first intensity value larger than the second one weren't properly linked into all touching sectors.
4a9b2bf76	2016-01-30	portal	ported	368b262	- fixed: The stencil cap drawer did not properly advance the vertex pointer.
37ac6ef9a	2016-01-30	texture	ported	368b262	- fixed: Translucency detection for GL textures was broken. - fixed: Textures which are already scaled should not be upsampled. - fixed: The transparency check in the upscaling code checked the wrong modes for exclusion when handling translucent textures.
fc57180d7	2016-01-30	shader	pending	—	- added necessary state to implement 3D light splitting using hardware clipping planes.
1d9ab5c63	2016-01-31	renderer	pending	—	- clean out GLWall::SplitWall and instead of actually splitting the wall just attach a list of lights to it.
f86535407	2016-01-31	renderer	pending	—	- forgot this.
5448b335c	2016-01-31	renderer	pending	—	- rewrote render loop for walls. Not working yet.
9ce6a7932	2016-01-31	portal	pending	—	- implemented rendering of 3D lights with clip planes.
53a389aaf	2016-01-31	texture	pending	—	- fixed: for untextured walls, the texture must be disabled before rendering. - fixed: untextured walls should never be passed to SplitWall. - fixed: untextured walls should not be affected by dynamic lights (it's either fog boundaries or outsides of 3D fog volumes.)
71da7406b	2016-02-01	other	pending	—	- since we no longer split walls at 3D floor boundaries, those planes no longer need to be added to the vertex height lists.
9305cd86a	2016-02-01	renderer	pending	—	- remove the GLWallLightEntry type. Everything it contains can be retrieved from the existing lightlist just as easily, and this approach avoids a lot of memory allocations. - removed the SplitWall profiling timer because all it measures now is an almost empty function.
67fc35e73	2016-02-01	sky	pending	—	- some cleanup of wall processing code.
1ad310e69	2016-02-01	renderer	pending	—	- only draw visible 3D-lights.
2c55dcca2	2016-02-01	models	pending	—	- use hardware clipping to apply 3D lights to sprites. This solves all the problems with properly lighting models and billboarded sprites. - add some restrictions for the checks that exclude sprites which are too close to the camera. Most importantly, for clipping the first frame of a projectile, do not solely clip against the projectile's speed but use the player's radius as a limiting factor to avoid too large distances.
faa08410d	2016-02-01	sprites	pending	—	- handle nocoloredspritelighting with 3D light splitter
f11f86f05	2016-02-01	sprites	pending	—	- added light plane clipping for decals as well.
9453a8a7e	2016-02-01	sprites	pending	—	- reuse the same vertex buffer data for all slices of a decal.
22e9fc9b7	2016-02-02	texture	pending	—	- re-fixed FTexture::CheckTrans
d79741574	2016-02-02	dynlights	pending	—	- fixed: dynamic lights did not relink themselves when their position changed.
df9c59bcf	2016-02-02	build	pending	—	- moved gl_builddraw.cpp to a new 'unused' directory and also added gl_sections, which is needed by the Build algorithm to preprocess the level.
db766f9fe	2016-02-03	sprites	pending	—	- fixed some warnings.
0c8a817df	2016-02-04	sprites	pending	—	- fixed wall clipping with 3D lights.
c129cb3ca	2016-02-04	renderer	pending	—	- reinstated software clipping by light volumes for walls.
b2158c5b9	2016-02-05	renderer	pending	—	- removed unneeded parameter.
b6f8a45bb	2016-02-09	sky	pending	—	- fixed: The check for missing textures in Vavoom skyboxes was inverted.
6ac3e4ce4	2016-02-12	sprites	pending	—	- fixed: part of the special handling of projectiles being spawned near the camera also affected other actors, this caused the fly cheat to break.
a21044791	2016-02-19	bugfix	pending	—	- fixed: fake contrast was not applied.
